date,no_of_customers,temperature,rain
2014-05-27,101,42,0
2014-05-28,64,40,0
2014-05-29,121,38,0
2014-05-30,70,40,0
2014-05-31,132,42,0
2014-06-01,124,42,0
2014-06-02,137,38,0
2014-06-03,149,40,0
2014-06-04,71,38,0
2014-06-05,51,40,0
2014-06-06,79,39,0
2014-06-07,51,41,0
2014-06-08,70,39,0
2014-06-09,125,36,0
2014-06-10,71,37,0
2014-06-11,138,40,0
2014-06-12,140,36,0
2014-06-13,91,38,0
2014-06-14,109,39,0
2014-06-15,111,42,0
2014-06-16,96,41,0
2014-06-17,100,41,0
2014-06-18,104,39,0
2014-06-19,113,39,0
2014-06-20,52,36,0
2014-06-21,100,40,0
2014-06-22,70,42,0
2014-06-23,88,36,0
2014-06-24,53,37,0
2014-06-25,109,36,0
2014-06-26,58,41,0
2014-06-27,102,37,0
2014-06-28,133,37,0
2014-06-29,109,39,0
2014-06-30,93,42,0
2014-07-01,37,32,1
2014-07-02,64,34,1
2014-07-03,110,33,1
2014-07-04,79,23,1
2014-07-05,33,27,1
2014-07-06,35,21,1
2014-07-07,33,25,1
2014-07-08,92,25,1
2014-07-09,119,21,1
2014-07-10,63,31,1
2014-07-11,91,29,1
2014-07-12,43,23,1
2014-07-13,77,34,1
2014-07-14,101,34,1
2014-07-15,116,33,1
2014-07-16,91,31,1
2014-07-17,114,27,1
2014-07-18,111,35,1
2014-07-19,82,34,1
2014-07-20,55,27,1
2014-07-21,89,28,1
2014-07-22,70,31,1
2014-07-23,44,32,1
2014-07-24,94,32,1
2014-07-25,100,28,1
2014-07-26,117,28,1
2014-07-27,37,20,1
2014-07-28,92,27,1
2014-07-29,110,30,1
2014-07-30,64,27,1
2014-07-31,62,22,1
2014-08-01,34,30,1
2014-08-02,70,29,1
2014-08-03,36,31,1
2014-08-04,101,28,1
2014-08-05,63,31,1
2014-08-06,77,20,1
2014-08-07,52,26,1
2014-08-08,117,33,1
2014-08-09,73,24,1
2014-08-10,115,27,1
2014-08-11,64,30,1
2014-08-12,76,20,1
2014-08-13,32,33,1
2014-08-14,34,20,1
2014-08-15,43,29,1
2014-08-16,56,26,1
2014-08-17,108,28,1
2014-08-18,119,34,1
2014-08-19,106,29,1
2014-08-20,92,22,1
2014-08-21,81,35,1
2014-08-22,33,32,1
2014-08-23,52,33,1
2014-08-24,44,26,1
2014-08-25,58,30,1
2014-08-26,42,23,1
2014-08-27,100,35,1
2014-08-28,115,30,1
2014-08-29,95,31,1
2014-08-30,74,29,1
2014-08-31,86,33,1
2014-09-01,35,24,1
2014-09-02,57,31,1
2014-09-03,73,31,1
2014-09-04,59,23,1
2014-09-05,104,33,1
2014-09-06,118,35,1
2014-09-07,91,26,1
2014-09-08,30,20,1
2014-09-09,56,28,1
2014-09-10,106,33,1
2014-09-11,32,28,1
2014-09-12,99,26,1
2014-09-13,56,27,1
2014-09-14,91,28,1
2014-09-15,80,24,1
2014-09-16,73,29,1
2014-09-17,108,27,1
2014-09-18,61,30,1
2014-09-19,117,35,1
2014-09-20,81,28,1
2014-09-21,91,20,1
2014-09-22,87,20,1
2014-09-23,41,23,1
2014-09-24,68,33,1
2014-09-25,32,21,1
2014-09-26,85,20,1
2014-09-27,88,20,1
2014-09-28,31,20,1
2014-09-29,83,21,1
2014-09-30,30,26,1
2014-10-01,31,22,1
2014-10-02,73,24,1
2014-10-03,61,29,1
2014-10-04,61,25,1
2014-10-05,97,26,1
2014-10-06,104,26,1
2014-10-07,46,27,1
2014-10-08,67,34,1
2014-10-09,98,27,1
2014-10-10,99,23,1
2014-10-11,40,25,1
2014-10-12,45,34,1
2014-10-13,102,20,1
2014-10-14,88,31,1
2014-10-15,109,25,1
2014-10-16,32,32,1
2014-10-17,88,23,1
2014-10-18,48,23,1
2014-10-19,96,29,1
2014-10-20,48,34,1
2014-10-21,100,23,1
2014-10-22,62,23,1
2014-10-23,68,27,1
2014-10-24,30,21,1
2014-10-25,86,30,1
2014-10-26,79,28,1
2014-10-27,60,26,1
2014-10-28,71,33,1
2014-10-29,36,22,1
2014-10-30,45,31,1
2014-10-31,89,29,1
2014-11-01,101,10,0
2014-11-02,147,10,0
2014-11-03,136,14,0
2014-11-04,108,16,0
2014-11-05,198,18,0
2014-11-06,147,12,0
2014-11-07,247,12,0
2014-11-08,153,17,0
2014-11-09,215,17,0
2014-11-10,203,10,0
2014-11-11,211,13,0
2014-11-12,198,18,0
2014-11-13,192,18,0
2014-11-14,227,11,0
2014-11-15,153,11,0
2014-11-16,167,12,0
2014-11-17,241,10,0
2014-11-18,147,14,0
2014-11-19,227,13,0
2014-11-20,234,17,0
2014-11-21,244,12,0
2014-11-22,214,10,0
2014-11-23,218,15,0
2014-11-24,137,15,0
2014-11-25,208,15,0
2014-11-26,107,12,0
2014-11-27,120,11,0
2014-11-28,127,10,0
2014-11-29,160,10,0
2014-11-30,103,12,0
2014-12-01,148,12,0
2014-12-02,145,10,0
2014-12-03,105,14,0
2014-12-04,223,12,0
2014-12-05,136,18,0
2014-12-06,192,17,0
2014-12-07,145,10,0
2014-12-08,194,14,0
2014-12-09,215,12,0
2014-12-10,166,14,0
2014-12-11,124,11,0
2014-12-12,153,19,0
2014-12-13,166,19,0
2014-12-14,123,17,0
2014-12-15,131,11,0
2014-12-16,250,15,0
2014-12-17,226,11,0
2014-12-18,229,19,0
2014-12-19,116,19,0
2014-12-20,236,17,0
2014-12-21,138,15,0
2014-12-22,125,19,0
2014-12-23,149,12,0
2014-12-24,112,18,0
2014-12-25,234,19,0
2014-12-26,135,18,0
2014-12-27,164,13,0
2014-12-28,243,17,0
2014-12-29,242,12,0
2014-12-30,165,11,0
2014-12-31,185,16,0
2015-01-01,162,12,0
2015-01-02,157,15,0
2015-01-03,185,19,0
2015-01-04,169,10,0
2015-01-05,200,15,0
2015-01-06,107,10,0
2015-01-07,159,14,0
2015-01-08,202,14,0
2015-01-09,105,13,0
2015-01-10,193,13,0
2015-01-11,154,12,0
2015-01-12,151,17,0
2015-01-13,223,11,0
2015-01-14,246,19,0
2015-01-15,219,10,0
2015-01-16,191,12,0
2015-01-17,189,19,0
2015-01-18,216,14,0
2015-01-19,226,16,0
2015-01-20,239,18,0
2015-01-21,228,14,0
2015-01-22,221,19,0
2015-01-23,133,10,0
2015-01-24,147,15,0
2015-01-25,216,18,0
2015-01-26,115,10,0
2015-01-27,168,16,0
2015-01-28,192,15,0
2015-01-29,175,16,0
2015-01-30,243,19,0
2015-01-31,185,12,0
2015-02-01,128,18,0
2015-02-02,146,14,0
2015-02-03,193,10,0
2015-02-04,243,13,0
2015-02-05,184,19,0
2015-02-06,199,16,0
2015-02-07,200,10,0
2015-02-08,109,16,0
2015-02-09,168,15,0
2015-02-10,133,13,0
2015-02-11,237,13,0
2015-02-12,246,19,0
2015-02-13,195,19,0
2015-02-14,168,10,0
2015-02-15,115,13,0
2015-02-16,179,17,0
2015-02-17,101,16,0
2015-02-18,227,10,0
2015-02-19,239,13,0
2015-02-20,223,11,0
2015-02-21,200,10,0
2015-02-22,164,12,0
2015-02-23,173,10,0
2015-02-24,134,11,0
2015-02-25,180,16,0
2015-02-26,107,19,0
2015-02-27,189,19,0
2015-02-28,214,11,0
2015-03-01,56,36,0
2015-03-02,107,39,0
2015-03-03,124,40,0
2015-03-04,85,40,0
2015-03-05,70,36,0
2015-03-06,85,40,0
2015-03-07,150,37,0
2015-03-08,73,36,0
2015-03-09,98,38,0
2015-03-10,85,38,0
2015-03-11,145,37,0
2015-03-12,111,42,0
2015-03-13,61,40,0
2015-03-14,104,36,0
2015-03-15,72,40,0
2015-03-16,148,36,0
2015-03-17,79,36,0
2015-03-18,111,36,0
2015-03-19,138,39,0
2015-03-20,62,41,0
2015-03-21,68,38,0
2015-03-22,149,36,0
2015-03-23,110,39,0
2015-03-24,68,36,0
2015-03-25,58,39,0
2015-03-26,77,42,0
2015-03-27,144,41,0
2015-03-28,132,39,0
2015-03-29,65,37,0
2015-03-30,118,40,0
2015-03-31,61,38,0
2015-04-01,101,36,0
2015-04-02,134,38,0
2015-04-03,102,39,0
2015-04-04,65,42,0
2015-04-05,88,36,0
2015-04-06,102,40,0
2015-04-07,107,37,0
2015-04-08,63,42,0
2015-04-09,54,42,0
2015-04-10,136,38,0
2015-04-11,124,40,0
2015-04-12,125,37,0
2015-04-13,123,36,0
2015-04-14,66,37,0
2015-04-15,56,40,0
2015-04-16,62,41,0
2015-04-17,58,37,0
2015-04-18,76,37,0
2015-04-19,115,37,0
2015-04-20,78,40,0
2015-04-21,87,40,0
2015-04-22,57,38,0
2015-04-23,114,40,0
2015-04-24,66,41,0
2015-04-25,120,42,0
2015-04-26,94,36,0
2015-04-27,85,39,0
2015-04-28,80,41,0
2015-04-29,110,38,0
2015-04-30,103,39,0
2015-05-01,140,42,0
2015-05-02,139,37,0
2015-05-03,88,38,0
2015-05-04,116,41,0
2015-05-05,62,40,0
2015-05-06,141,37,0
2015-05-07,107,41,0
2015-05-08,141,39,0
2015-05-09,88,40,0
2015-05-10,52,36,0
2015-05-11,141,40,0
2015-05-12,112,41,0
2015-05-13,74,39,0
2015-05-14,87,36,0
2015-05-15,55,40,0
2015-05-16,93,37,0
2015-05-17,81,40,0
2015-05-18,110,40,0
2015-05-19,70,42,0
2015-05-20,134,41,0
2015-05-21,150,38,0
2015-05-22,148,39,0
2015-05-23,69,38,0
2015-05-24,67,36,0
2015-05-25,98,42,0
2015-05-26,64,41,0
2015-05-27,50,42,0
2015-05-28,103,40,0
2015-05-29,52,41,0
2015-05-30,106,42,0
2015-05-31,61,38,0
2015-06-01,145,37,0
2015-06-02,125,41,0
2015-06-03,57,39,0
2015-06-04,141,37,0
2015-06-05,139,39,0
2015-06-06,109,37,0
2015-06-07,77,37,0
2015-06-08,150,39,0
2015-06-09,149,36,0
2015-06-10,112,38,0
2015-06-11,122,36,0
2015-06-12,133,36,0
2015-06-13,141,40,0
2015-06-14,62,40,0
2015-06-15,84,41,0
2015-06-16,55,40,0
2015-06-17,118,37,0
2015-06-18,74,42,0
2015-06-19,59,37,0
2015-06-20,54,41,0
2015-06-21,82,42,0
2015-06-22,114,41,0
2015-06-23,145,37,0
2015-06-24,98,42,0
2015-06-25,134,38,0
2015-06-26,112,37,0
2015-06-27,135,36,0
2015-06-28,76,38,0
2015-06-29,126,36,0
2015-06-30,147,36,0
2015-07-01,30,28,1
2015-07-02,84,24,1
2015-07-03,110,25,1
2015-07-04,34,24,1
2015-07-05,32,25,1
2015-07-06,52,24,1
2015-07-07,82,24,1
2015-07-08,103,24,1
2015-07-09,112,29,1
2015-07-10,114,20,1
2015-07-11,102,33,1
2015-07-12,30,33,1
2015-07-13,74,22,1
2015-07-14,33,32,1
2015-07-15,94,33,1
2015-07-16,61,20,1
2015-07-17,101,21,1
2015-07-18,55,26,1
2015-07-19,63,29,1
2015-07-20,32,25,1
2015-07-21,79,30,1
2015-07-22,94,31,1
2015-07-23,34,25,1
2015-07-24,86,33,1
2015-07-25,76,20,1
2015-07-26,108,26,1
2015-07-27,114,24,1
2015-07-28,95,33,1
2015-07-29,80,30,1
2015-07-30,67,26,1
2015-07-31,67,35,1
2015-08-01,111,21,1
2015-08-02,108,33,1
2015-08-03,80,30,1
2015-08-04,81,34,1
2015-08-05,67,28,1
2015-08-06,117,20,1
2015-08-07,59,34,1
2015-08-08,80,26,1
2015-08-09,34,20,1
2015-08-10,33,32,1
2015-08-11,85,29,1
2015-08-12,103,20,1
2015-08-13,113,20,1
2015-08-14,98,27,1
2015-08-15,35,21,1
2015-08-16,95,24,1
2015-08-17,72,32,1
2015-08-18,104,35,1
2015-08-19,52,22,1
2015-08-20,109,26,1
2015-08-21,104,34,1
2015-08-22,45,25,1
2015-08-23,33,27,1
2015-08-24,33,27,1
2015-08-25,54,27,1
2015-08-26,96,22,1
2015-08-27,61,30,1
2015-08-28,90,21,1
2015-08-29,80,29,1
2015-08-30,50,22,1
2015-08-31,111,24,1
2015-09-01,71,31,1
2015-09-02,51,32,1
2015-09-03,99,24,1
2015-09-04,34,20,1
2015-09-05,41,28,1
2015-09-06,75,29,1
2015-09-07,78,21,1
2015-09-08,119,33,1
2015-09-09,56,32,1
2015-09-10,55,28,1
2015-09-11,76,28,1
2015-09-12,115,28,1
2015-09-13,85,34,1
2015-09-14,92,33,1
2015-09-15,90,35,1
2015-09-16,55,20,1
2015-09-17,30,23,1
2015-09-18,81,27,1
2015-09-19,76,34,1
2015-09-20,85,34,1
2015-09-21,43,25,1
2015-09-22,57,29,1
2015-09-23,107,26,1
2015-09-24,31,27,1
2015-09-25,55,32,1
2015-09-26,88,33,1
2015-09-27,36,27,1
2015-09-28,52,22,1
2015-09-29,47,33,1
2015-09-30,67,29,1
2015-10-01,44,22,1
2015-10-02,118,35,1
2015-10-03,57,26,1
2015-10-04,68,29,1
2015-10-05,46,28,1
2015-10-06,115,26,1
2015-10-07,73,29,1
2015-10-08,46,28,1
2015-10-09,113,32,1
2015-10-10,97,28,1
2015-10-11,96,29,1
2015-10-12,47,28,1
2015-10-13,115,34,1
2015-10-14,37,21,1
2015-10-15,112,27,1
2015-10-16,70,29,1
2015-10-17,35,24,1
2015-10-18,55,23,1
2015-10-19,88,35,1
2015-10-20,88,27,1
2015-10-21,99,32,1
2015-10-22,62,24,1
2015-10-23,51,24,1
2015-10-24,99,24,1
2015-10-25,33,25,1
2015-10-26,104,33,1
2015-10-27,91,33,1
2015-10-28,53,33,1
2015-10-29,38,26,1
2015-10-30,32,26,1
2015-10-31,60,22,1
2015-11-01,135,17,0
2015-11-02,105,17,0
2015-11-03,174,11,0
2015-11-04,178,13,0
2015-11-05,217,15,0
2015-11-06,193,10,0
2015-11-07,161,17,0
2015-11-08,178,18,0
2015-11-09,125,17,0
2015-11-10,143,12,0
2015-11-11,169,14,0
2015-11-12,217,19,0
2015-11-13,118,13,0
2015-11-14,119,13,0
2015-11-15,239,10,0
2015-11-16,189,10,0
2015-11-17,136,15,0
2015-11-18,176,13,0
2015-11-19,233,12,0
2015-11-20,109,11,0
2015-11-21,250,14,0
2015-11-22,229,19,0
2015-11-23,229,17,0
2015-11-24,164,13,0
2015-11-25,172,14,0
2015-11-26,108,10,0
2015-11-27,137,17,0
2015-11-28,193,16,0
2015-11-29,168,10,0
2015-11-30,177,11,0
2015-12-01,219,14,0
2015-12-02,175,18,0
2015-12-03,134,12,0
2015-12-04,139,10,0
2015-12-05,159,15,0
2015-12-06,110,17,0
2015-12-07,113,18,0
2015-12-08,104,12,0
2015-12-09,222,12,0
2015-12-10,161,19,0
2015-12-11,188,13,0
2015-12-12,188,19,0
2015-12-13,139,11,0
2015-12-14,138,17,0
2015-12-15,113,17,0
2015-12-16,224,12,0
2015-12-17,196,15,0
2015-12-18,162,16,0
2015-12-19,244,10,0
2015-12-20,152,10,0
2015-12-21,203,17,0
2015-12-22,138,12,0
2015-12-23,233,12,0
2015-12-24,234,12,0
2015-12-25,141,12,0
2015-12-26,114,13,0
2015-12-27,137,10,0
2015-12-28,196,18,0
2015-12-29,132,14,0
2015-12-30,185,13,0
2015-12-31,109,11,0
2016-01-01,222,14,0
2016-01-02,196,19,0
2016-01-03,137,15,0
2016-01-04,208,13,0
2016-01-05,114,17,0
2016-01-06,104,17,0
2016-01-07,175,13,0
2016-01-08,194,11,0
2016-01-09,135,12,0
2016-01-10,142,19,0
2016-01-11,247,14,0
2016-01-12,203,19,0
2016-01-13,233,15,0
2016-01-14,122,17,0
2016-01-15,145,19,0
2016-01-16,240,19,0
2016-01-17,210,17,0
2016-01-18,159,17,0
2016-01-19,167,13,0
2016-01-20,219,14,0
2016-01-21,171,14,0
2016-01-22,191,19,0
2016-01-23,236,19,0
2016-01-24,150,15,0
2016-01-25,140,17,0
2016-01-26,110,15,0
2016-01-27,100,16,0
2016-01-28,248,14,0
2016-01-29,209,19,0
2016-01-30,156,13,0
2016-01-31,162,10,0
2016-02-01,154,15,0
2016-02-02,242,12,0
2016-02-03,152,14,0
2016-02-04,156,18,0
2016-02-05,134,14,0
2016-02-06,124,13,0
2016-02-07,174,19,0
2016-02-08,229,15,0
2016-02-09,190,16,0
2016-02-10,227,10,0
2016-02-11,124,12,0
2016-02-12,187,16,0
2016-02-13,128,10,0
2016-02-14,213,15,0
2016-02-15,148,14,0
2016-02-16,180,16,0
2016-02-17,204,13,0
2016-02-18,247,10,0
2016-02-19,185,15,0
2016-02-20,148,17,0
2016-02-21,100,16,0
2016-02-22,222,16,0
2016-02-23,161,17,0
2016-02-24,129,10,0
2016-02-25,118,17,0
2016-02-26,100,11,0
2016-02-27,212,12,0
2016-02-28,162,11,0
2016-02-29,228,13,0
2016-03-01,104,40,0
2016-03-02,52,42,0
2016-03-03,123,37,0
2016-03-04,83,38,0
2016-03-05,146,39,0
2016-03-06,104,42,0
2016-03-07,81,39,0
2016-03-08,56,37,0
2016-03-09,57,40,0
2016-03-10,106,36,0
2016-03-11,116,42,0
2016-03-12,108,42,0
2016-03-13,121,42,0
2016-03-14,150,41,0
2016-03-15,100,38,0
2016-03-16,141,36,0
2016-03-17,57,42,0
2016-03-18,84,37,0
2016-03-19,81,41,0
2016-03-20,65,41,0
2016-03-21,86,39,0
2016-03-22,134,41,0
2016-03-23,144,41,0
2016-03-24,97,42,0
2016-03-25,56,37,0
2016-03-26,56,37,0
2016-03-27,72,36,0
2016-03-28,68,40,0
2016-03-29,68,40,0
2016-03-30,78,39,0
2016-03-31,131,39,0
2016-04-01,50,37,0
2016-04-02,118,42,0
2016-04-03,60,39,0
2016-04-04,51,37,0
2016-04-05,136,38,0
2016-04-06,61,42,0
2016-04-07,54,39,0
2016-04-08,87,40,0
2016-04-09,58,41,0
2016-04-10,102,37,0
2016-04-11,148,39,0
2016-04-12,135,39,0
2016-04-13,73,39,0
2016-04-14,123,36,0
2016-04-15,108,41,0
2016-04-16,136,41,0
2016-04-17,130,36,0
2016-04-18,58,41,0
2016-04-19,74,37,0
2016-04-20,122,42,0
2016-04-21,71,41,0
2016-04-22,53,38,0
2016-04-23,107,37,0
2016-04-24,147,40,0
2016-04-25,86,42,0
2016-04-26,119,38,0
2016-04-27,134,37,0
2016-04-28,149,37,0
2016-04-29,87,36,0
2016-04-30,66,37,0
2016-05-01,74,40,0
2016-05-02,125,41,0
2016-05-03,135,42,0
2016-05-04,76,40,0
2016-05-05,80,36,0
2016-05-06,140,41,0
2016-05-07,61,37,0
2016-05-08,102,40,0
2016-05-09,59,42,0
2016-05-10,66,40,0
2016-05-11,134,37,0
2016-05-12,111,39,0
2016-05-13,95,37,0
2016-05-14,103,37,0
2016-05-15,114,38,0
2016-05-16,102,38,0
2016-05-17,75,39,0
2016-05-18,70,40,0
2016-05-19,89,38,0
2016-05-20,85,38,0
2016-05-21,108,36,0
2016-05-22,148,42,0
2016-05-23,147,41,0
2016-05-24,73,42,0
2016-05-25,71,41,0
2016-05-26,105,40,0
2016-05-27,85,36,0
2016-05-28,69,42,0
2016-05-29,148,38,0
2016-05-30,130,39,0
2016-05-31,147,41,0
2016-06-01,75,36,0
2016-06-02,122,37,0
2016-06-03,89,36,0
2016-06-04,50,36,0
2016-06-05,110,36,0
2016-06-06,91,38,0
2016-06-07,88,36,0
2016-06-08,52,38,0
2016-06-09,150,37,0
2016-06-10,93,39,0
2016-06-11,143,38,0
2016-06-12,147,41,0
2016-06-13,68,39,0
2016-06-14,93,40,0
2016-06-15,98,38,0
2016-06-16,66,40,0
2016-06-17,106,37,0
2016-06-18,96,42,0
2016-06-19,111,39,0
2016-06-20,57,38,0
2016-06-21,70,42,0
2016-06-22,136,36,0
2016-06-23,129,40,0
2016-06-24,121,41,0
2016-06-25,131,36,0
2016-06-26,61,36,0
2016-06-27,108,42,0
2016-06-28,75,37,0
2016-06-29,81,42,0
2016-06-30,65,37,0
2016-07-01,46,26,1
2016-07-02,55,26,1
2016-07-03,115,24,1
2016-07-04,36,29,1
2016-07-05,108,33,1
2016-07-06,36,24,1
2016-07-07,77,28,1
2016-07-08,88,27,1
2016-07-09,111,26,1
2016-07-10,68,34,1
2016-07-11,47,22,1
2016-07-12,46,30,1
2016-07-13,60,33,1
2016-07-14,89,27,1
2016-07-15,32,32,1
2016-07-16,72,24,1
2016-07-17,119,27,1
2016-07-18,116,26,1
2016-07-19,68,31,1
2016-07-20,33,34,1
2016-07-21,115,32,1
2016-07-22,42,28,1
2016-07-23,62,21,1
2016-07-24,71,35,1
2016-07-25,95,31,1
2016-07-26,71,26,1
2016-07-27,59,21,1
2016-07-28,42,30,1
2016-07-29,47,32,1
2016-07-30,68,35,1
2016-07-31,58,33,1
2016-08-01,91,33,1
2016-08-02,86,24,1
2016-08-03,85,35,1
2016-08-04,39,31,1
2016-08-05,54,33,1
2016-08-06,113,34,1
2016-08-07,94,24,1
2016-08-08,78,33,1
2016-08-09,74,22,1
2016-08-10,59,33,1
2016-08-11,97,21,1
2016-08-12,91,21,1
2016-08-13,54,24,1
2016-08-14,94,35,1
2016-08-15,108,24,1
2016-08-16,44,28,1
2016-08-17,117,20,1
2016-08-18,41,23,1
2016-08-19,66,30,1
2016-08-20,72,32,1
2016-08-21,99,31,1
2016-08-22,85,26,1
2016-08-23,75,34,1
2016-08-24,40,27,1
2016-08-25,106,33,1
2016-08-26,54,21,1
2016-08-27,81,26,1
2016-08-28,88,23,1
2016-08-29,49,27,1
2016-08-30,92,32,1
2016-08-31,103,25,1
2016-09-01,86,30,1
2016-09-02,70,29,1
2016-09-03,32,20,1
2016-09-04,35,27,1
2016-09-05,34,24,1
2016-09-06,76,25,1
2016-09-07,78,26,1
2016-09-08,49,28,1
2016-09-09,90,29,1
2016-09-10,64,30,1
2016-09-11,111,21,1
2016-09-12,46,33,1
2016-09-13,32,27,1
2016-09-14,42,35,1
2016-09-15,118,27,1
2016-09-16,97,28,1
2016-09-17,40,33,1
2016-09-18,85,28,1
2016-09-19,58,22,1
2016-09-20,96,28,1
2016-09-21,105,28,1
2016-09-22,38,29,1
2016-09-23,69,34,1
2016-09-24,34,28,1
2016-09-25,88,30,1
2016-09-26,117,21,1
2016-09-27,108,31,1
2016-09-28,101,25,1
2016-09-29,34,30,1
2016-09-30,119,35,1
2016-10-01,99,21,1
2016-10-02,89,24,1
2016-10-03,106,35,1
2016-10-04,98,31,1
2016-10-05,110,32,1
2016-10-06,69,21,1
2016-10-07,91,32,1
2016-10-08,87,32,1
2016-10-09,85,22,1
2016-10-10,69,27,1
2016-10-11,106,30,1
2016-10-12,62,32,1
2016-10-13,117,25,1
2016-10-14,109,22,1
2016-10-15,88,27,1
2016-10-16,77,30,1
2016-10-17,42,28,1
2016-10-18,74,30,1
2016-10-19,82,28,1
2016-10-20,92,29,1
2016-10-21,67,30,1
2016-10-22,36,31,1
2016-10-23,74,24,1
2016-10-24,60,29,1
2016-10-25,71,26,1
2016-10-26,61,29,1
2016-10-27,82,30,1
2016-10-28,68,33,1
2016-10-29,111,34,1
2016-10-30,31,23,1
2016-10-31,106,33,1
2016-11-01,112,16,0
2016-11-02,116,10,0
2016-11-03,197,17,0
2016-11-04,208,17,0
2016-11-05,169,12,0
2016-11-06,173,12,0
2016-11-07,162,18,0
2016-11-08,121,14,0
2016-11-09,247,13,0
2016-11-10,167,13,0
2016-11-11,111,10,0
2016-11-12,244,15,0
2016-11-13,217,19,0
2016-11-14,121,10,0
2016-11-15,219,19,0
2016-11-16,149,11,0
2016-11-17,224,13,0
2016-11-18,128,16,0
2016-11-19,233,10,0
2016-11-20,157,12,0
2016-11-21,125,16,0
2016-11-22,128,11,0
2016-11-23,198,13,0
2016-11-24,138,18,0
2016-11-25,128,16,0
2016-11-26,131,13,0
2016-11-27,183,11,0
2016-11-28,126,15,0
2016-11-29,180,12,0
2016-11-30,191,17,0
2016-12-01,146,14,0
2016-12-02,183,14,0
2016-12-03,246,15,0
2016-12-04,230,18,0
2016-12-05,157,10,0
2016-12-06,114,15,0
2016-12-07,163,11,0
2016-12-08,124,10,0
2016-12-09,111,17,0
2016-12-10,114,11,0
2016-12-11,159,17,0
2016-12-12,244,18,0
2016-12-13,107,14,0
2016-12-14,230,11,0
2016-12-15,123,14,0
2016-12-16,230,19,0
2016-12-17,145,13,0
2016-12-18,116,18,0
2016-12-19,108,13,0
2016-12-20,162,15,0
2016-12-21,216,15,0
2016-12-22,187,11,0
2016-12-23,238,17,0
2016-12-24,171,10,0
2016-12-25,117,14,0
2016-12-26,209,11,0
2016-12-27,131,15,0
2016-12-28,132,18,0
2016-12-29,235,15,0
2016-12-30,187,15,0
2016-12-31,244,18,0
2017-01-01,145,18,0
2017-01-02,185,15,0
2017-01-03,196,13,0
2017-01-04,132,11,0
2017-01-05,176,18,0
2017-01-06,249,13,0
2017-01-07,202,16,0
2017-01-08,221,19,0
2017-01-09,242,11,0
2017-01-10,205,11,0
2017-01-11,148,16,0
2017-01-12,160,17,0
2017-01-13,222,12,0
2017-01-14,108,15,0
2017-01-15,172,15,0
2017-01-16,140,16,0
2017-01-17,107,11,0
2017-01-18,191,17,0
2017-01-19,161,13,0
2017-01-20,183,16,0
2017-01-21,233,13,0
2017-01-22,121,19,0
2017-01-23,226,19,0
2017-01-24,226,12,0
2017-01-25,205,18,0
2017-01-26,111,11,0
2017-01-27,111,16,0
2017-01-28,144,18,0
2017-01-29,221,12,0
2017-01-30,154,12,0
2017-01-31,235,13,0
2017-02-01,152,16,0
2017-02-02,131,16,0
2017-02-03,143,12,0
2017-02-04,245,11,0
2017-02-05,249,12,0
2017-02-06,195,14,0
2017-02-07,204,17,0
2017-02-08,134,12,0
2017-02-09,196,15,0
2017-02-10,175,16,0
2017-02-11,193,10,0
2017-02-12,123,14,0
2017-02-13,136,13,0
2017-02-14,207,13,0
2017-02-15,149,13,0
2017-02-16,195,10,0
2017-02-17,216,18,0
2017-02-18,165,11,0
2017-02-19,105,11,0
2017-02-20,214,16,0
2017-02-21,224,19,0
2017-02-22,117,12,0
2017-02-23,120,17,0
2017-02-24,198,10,0
2017-02-25,107,19,0
2017-02-26,186,13,0
2017-02-27,113,19,0
2017-02-28,218,11,0
2017-03-01,118,40,0
2017-03-02,90,41,0
2017-03-03,109,41,0
2017-03-04,63,40,0
2017-03-05,138,42,0
2017-03-06,51,39,0
2017-03-07,119,42,0
2017-03-08,138,36,0
2017-03-09,77,36,0
2017-03-10,84,37,0
2017-03-11,54,40,0
2017-03-12,114,42,0
2017-03-13,105,39,0
2017-03-14,94,39,0
2017-03-15,96,42,0
2017-03-16,60,42,0
2017-03-17,116,37,0
2017-03-18,63,41,0
2017-03-19,142,37,0
2017-03-20,125,37,0
2017-03-21,50,41,0
2017-03-22,69,40,0
2017-03-23,125,38,0
2017-03-24,106,36,0
2017-03-25,133,41,0
2017-03-26,86,39,0
2017-03-27,150,42,0
2017-03-28,86,39,0
2017-03-29,93,36,0
2017-03-30,128,39,0
2017-03-31,110,41,0
2017-04-01,127,39,0
2017-04-02,122,37,0
2017-04-03,86,42,0
2017-04-04,75,39,0
2017-04-05,50,40,0
2017-04-06,84,42,0
2017-04-07,150,41,0
2017-04-08,108,40,0
2017-04-09,82,40,0
2017-04-10,100,36,0
2017-04-11,61,41,0
2017-04-12,69,37,0
2017-04-13,137,40,0
2017-04-14,92,38,0
2017-04-15,147,41,0
2017-04-16,99,36,0
2017-04-17,106,40,0
2017-04-18,144,42,0
2017-04-19,92,42,0
2017-04-20,72,37,0
2017-04-21,87,39,0
2017-04-22,72,39,0
2017-04-23,94,41,0
2017-04-24,129,39,0
2017-04-25,57,37,0
2017-04-26,134,37,0
2017-04-27,57,36,0
2017-04-28,145,40,0
2017-04-29,54,41,0
2017-04-30,135,42,0
2017-05-01,83,42,0
2017-05-02,104,36,0
2017-05-03,139,42,0
2017-05-04,123,38,0
2017-05-05,131,41,0
2017-05-06,75,36,0
2017-05-07,125,42,0
2017-05-08,121,38,0
2017-05-09,95,36,0
2017-05-10,82,39,0
2017-05-11,68,36,0
2017-05-12,129,42,0
2017-05-13,102,41,0
2017-05-14,139,40,0
2017-05-15,141,41,0
2017-05-16,113,37,0
2017-05-17,112,41,0
2017-05-18,82,36,0
2017-05-19,138,36,0
2017-05-20,122,40,0
2017-05-21,126,40,0
2017-05-22,124,42,0
2017-05-23,147,39,0
2017-05-24,53,40,0
2017-05-25,68,41,0
2017-05-26,147,41,0
2017-05-27,62,37,0
2017-05-28,72,36,0
2017-05-29,124,38,0
2017-05-30,137,36,0
2017-05-31,103,41,0
2017-06-01,138,42,0
2017-06-02,64,40,0
2017-06-03,125,36,0
2017-06-04,120,37,0
2017-06-05,70,42,0
2017-06-06,109,38,0
2017-06-07,138,40,0
2017-06-08,98,36,0
2017-06-09,84,36,0
2017-06-10,139,39,0
2017-06-11,148,38,0
2017-06-12,127,41,0
2017-06-13,115,37,0
2017-06-14,58,41,0
2017-06-15,134,38,0
2017-06-16,121,37,0
2017-06-17,119,37,0
2017-06-18,142,39,0
2017-06-19,74,37,0
2017-06-20,54,39,0
2017-06-21,97,37,0
2017-06-22,128,40,0
2017-06-23,149,39,0
2017-06-24,92,42,0
2017-06-25,119,42,0
2017-06-26,92,41,0
2017-06-27,70,40,0
2017-06-28,129,42,0
2017-06-29,64,42,0
2017-06-30,85,36,0
2017-07-01,80,30,1
2017-07-02,97,34,1
2017-07-03,42,24,1
2017-07-04,48,25,1
2017-07-05,107,21,1
2017-07-06,97,32,1
2017-07-07,81,35,1
2017-07-08,56,33,1
2017-07-09,57,32,1
2017-07-10,37,22,1
2017-07-11,65,35,1
2017-07-12,47,33,1
2017-07-13,78,21,1
2017-07-14,33,32,1
2017-07-15,118,29,1
2017-07-16,104,33,1
2017-07-17,103,26,1
2017-07-18,42,26,1
2017-07-19,100,34,1
2017-07-20,85,34,1
2017-07-21,71,20,1
2017-07-22,71,32,1
2017-07-23,65,27,1
2017-07-24,97,23,1
2017-07-25,36,25,1
2017-07-26,30,25,1
2017-07-27,74,31,1
2017-07-28,76,29,1
2017-07-29,42,30,1
2017-07-30,51,26,1
2017-07-31,50,25,1
2017-08-01,38,25,1
2017-08-02,38,29,1
2017-08-03,39,34,1
2017-08-04,71,27,1
2017-08-05,53,27,1
2017-08-06,78,35,1
2017-08-07,120,29,1
2017-08-08,97,24,1
2017-08-09,53,21,1
2017-08-10,89,22,1
2017-08-11,103,26,1
2017-08-12,47,28,1
2017-08-13,65,22,1
2017-08-14,84,29,1
2017-08-15,98,21,1
2017-08-16,78,34,1
2017-08-17,62,22,1
2017-08-18,50,26,1
2017-08-19,51,20,1
2017-08-20,66,35,1
2017-08-21,64,34,1
2017-08-22,100,31,1
2017-08-23,40,35,1
2017-08-24,102,29,1
2017-08-25,106,33,1
2017-08-26,86,32,1
2017-08-27,54,33,1
2017-08-28,93,21,1
2017-08-29,36,22,1
2017-08-30,47,24,1
2017-08-31,71,22,1
2017-09-01,68,25,1
2017-09-02,104,28,1
2017-09-03,53,26,1
2017-09-04,75,31,1
2017-09-05,97,22,1
2017-09-06,71,29,1
2017-09-07,68,35,1
2017-09-08,65,32,1
2017-09-09,65,27,1
2017-09-10,102,22,1
2017-09-11,99,27,1
2017-09-12,97,28,1
2017-09-13,78,32,1
2017-09-14,31,31,1
2017-09-15,34,31,1
2017-09-16,56,31,1
2017-09-17,50,35,1
2017-09-18,101,27,1
2017-09-19,96,21,1
2017-09-20,73,25,1
2017-09-21,87,32,1
2017-09-22,115,22,1
2017-09-23,31,25,1
2017-09-24,73,26,1
2017-09-25,110,21,1
2017-09-26,116,22,1
2017-09-27,37,33,1
2017-09-28,73,25,1
2017-09-29,65,29,1
2017-09-30,106,24,1
2017-10-01,60,32,1
2017-10-02,84,34,1
2017-10-03,91,35,1
2017-10-04,84,33,1
2017-10-05,41,35,1
2017-10-06,45,20,1
2017-10-07,37,31,1
2017-10-08,32,23,1
2017-10-09,59,35,1
2017-10-10,52,32,1
2017-10-11,34,31,1
2017-10-12,94,23,1
2017-10-13,59,28,1
2017-10-14,113,24,1
2017-10-15,51,25,1
2017-10-16,101,21,1
2017-10-17,61,26,1
2017-10-18,45,20,1
2017-10-19,67,31,1
2017-10-20,43,23,1
2017-10-21,52,23,1
2017-10-22,95,21,1
2017-10-23,114,28,1
2017-10-24,120,21,1
2017-10-25,102,28,1
2017-10-26,104,20,1
2017-10-27,81,22,1
2017-10-28,52,33,1
2017-10-29,97,29,1
2017-10-30,84,21,1
2017-10-31,64,25,1
2017-11-01,242,15,0
2017-11-02,159,15,0
2017-11-03,111,14,0
2017-11-04,141,10,0
2017-11-05,181,15,0
2017-11-06,233,12,0
2017-11-07,179,12,0
2017-11-08,113,16,0
2017-11-09,242,18,0
2017-11-10,165,14,0
2017-11-11,119,11,0
2017-11-12,109,11,0
2017-11-13,124,18,0
2017-11-14,132,15,0
2017-11-15,194,13,0
2017-11-16,209,10,0
2017-11-17,224,15,0
2017-11-18,230,13,0
2017-11-19,233,12,0
2017-11-20,240,18,0
2017-11-21,235,14,0
2017-11-22,124,14,0
2017-11-23,111,13,0
2017-11-24,245,13,0
2017-11-25,192,15,0
2017-11-26,159,11,0
2017-11-27,130,16,0
2017-11-28,104,12,0
2017-11-29,109,12,0
2017-11-30,229,18,0
2017-12-01,155,11,0
2017-12-02,182,18,0
2017-12-03,198,18,0
2017-12-04,172,14,0
2017-12-05,106,12,0
2017-12-06,103,10,0
2017-12-07,202,13,0
2017-12-08,116,17,0
2017-12-09,202,14,0
2017-12-10,151,13,0
2017-12-11,223,13,0
2017-12-12,162,15,0
2017-12-13,215,14,0
2017-12-14,106,12,0
2017-12-15,113,15,0
2017-12-16,185,16,0
2017-12-17,229,14,0
2017-12-18,178,14,0
2017-12-19,237,14,0
2017-12-20,157,16,0
2017-12-21,232,17,0
2017-12-22,112,10,0
2017-12-23,181,14,0
2017-12-24,238,14,0
2017-12-25,151,14,0
2017-12-26,216,16,0
2017-12-27,133,19,0
2017-12-28,211,13,0
2017-12-29,141,11,0
2017-12-30,141,14,0
2017-12-31,204,10,0
2018-01-01,219,10,0
2018-01-02,228,18,0
2018-01-03,159,11,0
2018-01-04,109,10,0
2018-01-05,157,11,0
2018-01-06,120,17,0
2018-01-07,133,16,0
2018-01-08,178,17,0
2018-01-09,186,10,0
2018-01-10,168,17,0
2018-01-11,186,10,0
2018-01-12,107,14,0
2018-01-13,186,17,0
2018-01-14,208,10,0
2018-01-15,116,12,0
2018-01-16,247,14,0
2018-01-17,157,14,0
2018-01-18,238,13,0
2018-01-19,242,13,0
2018-01-20,234,12,0
2018-01-21,127,12,0
2018-01-22,104,12,0
2018-01-23,193,14,0
2018-01-24,195,15,0
2018-01-25,163,17,0
2018-01-26,137,19,0
2018-01-27,235,10,0
2018-01-28,172,17,0
2018-01-29,148,11,0
2018-01-30,225,13,0
2018-01-31,177,13,0
2018-02-01,221,18,0
2018-02-02,213,16,0
2018-02-03,248,19,0
2018-02-04,239,13,0
2018-02-05,101,17,0
2018-02-06,112,15,0
2018-02-07,194,14,0
2018-02-08,110,11,0
2018-02-09,114,19,0
2018-02-10,245,10,0
2018-02-11,158,16,0
2018-02-12,213,19,0
2018-02-13,131,15,0
2018-02-14,212,12,0
2018-02-15,248,17,0
2018-02-16,221,12,0
2018-02-17,138,16,0
2018-02-18,111,10,0
2018-02-19,117,18,0
2018-02-20,240,14,0
2018-02-21,225,14,0
2018-02-22,145,17,0
2018-02-23,234,17,0
2018-02-24,185,16,0
2018-02-25,188,15,0
2018-02-26,191,15,0
2018-02-27,101,11,0
2018-02-28,126,14,0
2018-03-01,144,37,0
2018-03-02,72,42,0
2018-03-03,126,39,0
2018-03-04,92,41,0
2018-03-05,110,40,0
2018-03-06,105,36,0
2018-03-07,112,38,0
2018-03-08,68,41,0
2018-03-09,78,42,0
2018-03-10,88,41,0
2018-03-11,74,39,0
2018-03-12,57,40,0
2018-03-13,107,37,0
2018-03-14,54,36,0
2018-03-15,114,38,0
2018-03-16,148,39,0
2018-03-17,147,37,0
2018-03-18,138,38,0
2018-03-19,70,37,0
2018-03-20,140,41,0
2018-03-21,115,38,0
2018-03-22,62,36,0
2018-03-23,85,36,0
2018-03-24,139,41,0
2018-03-25,103,37,0
2018-03-26,130,39,0
2018-03-27,63,41,0
2018-03-28,83,36,0
2018-03-29,69,40,0
2018-03-30,65,38,0
2018-03-31,144,38,0
2018-04-01,119,42,0
2018-04-02,150,38,0
2018-04-03,53,37,0
2018-04-04,53,42,0
2018-04-05,59,39,0
2018-04-06,148,41,0
2018-04-07,86,37,0
2018-04-08,134,41,0
2018-04-09,70,41,0
2018-04-10,87,37,0
2018-04-11,53,41,0
2018-04-12,106,39,0
2018-04-13,69,40,0
2018-04-14,120,36,0
2018-04-15,142,39,0
2018-04-16,52,41,0
2018-04-17,129,40,0
2018-04-18,104,37,0
2018-04-19,53,39,0
2018-04-20,73,41,0
2018-04-21,79,37,0
2018-04-22,68,37,0
2018-04-23,109,42,0
2018-04-24,68,39,0
2018-04-25,112,36,0
2018-04-26,132,41,0
2018-04-27,73,41,0
2018-04-28,125,40,0
2018-04-29,107,41,0
2018-04-30,80,41,0
2018-05-01,113,39,0
2018-05-02,97,38,0
2018-05-03,149,40,0
2018-05-04,104,41,0
2018-05-05,104,36,0
2018-05-06,67,36,0
2018-05-07,141,42,0
2018-05-08,96,38,0
2018-05-09,106,38,0
2018-05-10,94,39,0
2018-05-11,66,36,0
2018-05-12,53,41,0
2018-05-13,96,39,0
2018-05-14,64,38,0
2018-05-15,96,41,0
2018-05-16,124,41,0
2018-05-17,58,42,0
2018-05-18,65,37,0
2018-05-19,110,40,0
2018-05-20,99,37,0
2018-05-21,126,38,0
2018-05-22,143,38,0
2018-05-23,119,41,0
2018-05-24,100,36,0
2018-05-25,68,40,0
2018-05-26,84,37,0
2018-05-27,75,41,0
2018-05-28,118,38,0
2018-05-29,113,40,0
2018-05-30,133,40,0
2018-05-31,70,36,0
2018-06-01,113,37,0
2018-06-02,149,40,0
2018-06-03,139,41,0
2018-06-04,88,39,0
2018-06-05,84,37,0
2018-06-06,73,36,0
2018-06-07,149,36,0
2018-06-08,90,41,0
2018-06-09,95,41,0
2018-06-10,109,39,0
2018-06-11,80,36,0
2018-06-12,73,39,0
2018-06-13,85,36,0
2018-06-14,79,40,0
2018-06-15,79,39,0
2018-06-16,141,41,0
2018-06-17,84,42,0
2018-06-18,141,42,0
2018-06-19,59,41,0
2018-06-20,144,41,0
2018-06-21,138,37,0
2018-06-22,119,40,0
2018-06-23,122,39,0
2018-06-24,149,40,0
2018-06-25,133,38,0
2018-06-26,106,37,0
2018-06-27,117,40,0
2018-06-28,82,37,0
2018-06-29,56,38,0
2018-06-30,64,41,0
2018-07-01,61,21,1
2018-07-02,104,27,1
2018-07-03,117,23,1
2018-07-04,77,34,1
2018-07-05,50,26,1
2018-07-06,55,29,1
2018-07-07,43,31,1
2018-07-08,66,28,1
2018-07-09,50,29,1
2018-07-10,98,21,1
2018-07-11,116,22,1
2018-07-12,66,29,1
2018-07-13,78,27,1
2018-07-14,118,22,1
2018-07-15,41,24,1
2018-07-16,90,28,1
2018-07-17,62,28,1
2018-07-18,97,21,1
2018-07-19,100,34,1
2018-07-20,62,25,1
2018-07-21,53,20,1
2018-07-22,90,32,1
2018-07-23,57,21,1
2018-07-24,72,29,1
2018-07-25,68,28,1
2018-07-26,78,25,1
2018-07-27,99,20,1
2018-07-28,99,33,1
2018-07-29,94,21,1
2018-07-30,114,29,1
2018-07-31,31,24,1
2018-08-01,86,25,1
2018-08-02,103,21,1
2018-08-03,45,21,1
2018-08-04,80,35,1
2018-08-05,68,32,1
2018-08-06,105,25,1
2018-08-07,69,27,1
2018-08-08,89,25,1
2018-08-09,39,30,1
2018-08-10,93,22,1
2018-08-11,92,22,1
2018-08-12,93,20,1
2018-08-13,36,35,1
2018-08-14,49,24,1
2018-08-15,97,29,1
2018-08-16,115,33,1
2018-08-17,114,34,1
2018-08-18,115,34,1
2018-08-19,43,23,1
2018-08-20,69,30,1
2018-08-21,57,29,1
2018-08-22,92,29,1
2018-08-23,54,21,1
2018-08-24,32,27,1
2018-08-25,73,27,1
2018-08-26,71,20,1
2018-08-27,35,23,1
2018-08-28,81,26,1
2018-08-29,118,26,1
2018-08-30,79,30,1
2018-08-31,48,30,1
2018-09-01,80,24,1
2018-09-02,41,30,1
2018-09-03,37,29,1
2018-09-04,70,27,1
2018-09-05,114,23,1
2018-09-06,84,27,1
2018-09-07,76,28,1
2018-09-08,77,34,1
2018-09-09,111,33,1
2018-09-10,89,29,1
2018-09-11,99,23,1
2018-09-12,31,31,1
2018-09-13,109,26,1
2018-09-14,32,22,1
2018-09-15,69,30,1
2018-09-16,62,25,1
2018-09-17,30,31,1
2018-09-18,37,26,1
2018-09-19,61,24,1
2018-09-20,77,31,1
2018-09-21,33,30,1
2018-09-22,99,33,1
2018-09-23,48,33,1
2018-09-24,38,35,1
2018-09-25,40,31,1
2018-09-26,45,33,1
2018-09-27,92,20,1
2018-09-28,50,32,1
2018-09-29,42,33,1
2018-09-30,33,21,1
2018-10-01,88,31,1
2018-10-02,56,26,1
2018-10-03,54,24,1
2018-10-04,97,22,1
2018-10-05,49,28,1
2018-10-06,55,21,1
2018-10-07,34,33,1
2018-10-08,90,22,1
2018-10-09,38,31,1
2018-10-10,79,23,1
2018-10-11,112,25,1
2018-10-12,73,31,1
2018-10-13,40,28,1
2018-10-14,76,21,1
2018-10-15,102,31,1
2018-10-16,117,24,1
2018-10-17,115,21,1
2018-10-18,105,22,1
2018-10-19,59,31,1
2018-10-20,50,29,1
2018-10-21,119,31,1
2018-10-22,62,33,1
2018-10-23,64,24,1
2018-10-24,63,23,1
2018-10-25,80,28,1
2018-10-26,111,34,1
2018-10-27,104,29,1
2018-10-28,52,28,1
2018-10-29,51,35,1
2018-10-30,98,20,1
2018-10-31,40,31,1
2018-11-01,132,12,0
2018-11-02,224,13,0
2018-11-03,165,11,0
2018-11-04,146,12,0
2018-11-05,247,16,0
2018-11-06,186,10,0
2018-11-07,103,12,0
2018-11-08,146,19,0
2018-11-09,242,15,0
2018-11-10,156,14,0
2018-11-11,145,14,0
2018-11-12,241,13,0
2018-11-13,244,13,0
2018-11-14,236,16,0
2018-11-15,176,12,0
2018-11-16,214,11,0
2018-11-17,233,10,0
2018-11-18,190,16,0
2018-11-19,219,11,0
2018-11-20,241,15,0
2018-11-21,171,13,0
2018-11-22,246,12,0
2018-11-23,212,13,0
2018-11-24,187,18,0
2018-11-25,201,19,0
2018-11-26,249,16,0
2018-11-27,182,18,0
2018-11-28,230,12,0
2018-11-29,118,19,0
2018-11-30,127,18,0
2018-12-01,170,13,0
2018-12-02,223,18,0
2018-12-03,220,16,0
2018-12-04,241,12,0
2018-12-05,160,17,0
2018-12-06,129,13,0
2018-12-07,163,18,0
2018-12-08,219,10,0
2018-12-09,188,13,0
2018-12-10,177,14,0
2018-12-11,167,18,0
2018-12-12,101,17,0
2018-12-13,224,18,0
2018-12-14,219,15,0
2018-12-15,115,16,0
2018-12-16,111,10,0
2018-12-17,110,12,0
2018-12-18,248,11,0
2018-12-19,147,14,0
2018-12-20,200,13,0
2018-12-21,236,12,0
2018-12-22,134,13,0
2018-12-23,164,10,0
2018-12-24,144,17,0
2018-12-25,175,16,0
2018-12-26,175,15,0
2018-12-27,246,18,0
2018-12-28,151,19,0
2018-12-29,120,15,0
2018-12-30,137,12,0
2018-12-31,231,13,0
2019-01-01,191,16,0
2019-01-02,249,13,0
2019-01-03,185,12,0
2019-01-04,190,11,0
2019-01-05,204,16,0
2019-01-06,171,10,0
2019-01-07,105,16,0
2019-01-08,244,15,0
2019-01-09,126,15,0
2019-01-10,223,17,0
2019-01-11,192,19,0
2019-01-12,198,10,0
2019-01-13,241,17,0
2019-01-14,183,12,0
2019-01-15,240,17,0
2019-01-16,148,15,0
2019-01-17,235,10,0
2019-01-18,223,13,0
2019-01-19,189,10,0
2019-01-20,184,16,0
2019-01-21,161,14,0
2019-01-22,206,19,0
2019-01-23,225,15,0
2019-01-24,108,18,0
2019-01-25,136,17,0
2019-01-26,140,10,0
2019-01-27,187,10,0
2019-01-28,150,14,0
2019-01-29,140,16,0
2019-01-30,240,16,0
2019-01-31,238,12,0
2019-02-01,207,10,0
2019-02-02,175,12,0
2019-02-03,208,17,0
2019-02-04,144,10,0
2019-02-05,202,19,0
2019-02-06,107,19,0
2019-02-07,190,18,0
2019-02-08,183,16,0
2019-02-09,245,11,0
2019-02-10,167,11,0
2019-02-11,226,10,0
2019-02-12,181,13,0
2019-02-13,246,14,0
2019-02-14,183,17,0
2019-02-15,175,10,0
2019-02-16,242,19,0
2019-02-17,101,18,0
2019-02-18,150,18,0
2019-02-19,241,19,0
2019-02-20,150,11,0
2019-02-21,220,15,0
2019-02-22,127,16,0
2019-02-23,183,12,0
2019-02-24,216,15,0
2019-02-25,192,11,0
2019-02-26,230,15,0
2019-02-27,101,17,0
2019-02-28,111,10,0
2019-03-01,114,38,0
2019-03-02,94,42,0
2019-03-03,139,42,0
2019-03-04,134,40,0
2019-03-05,98,41,0
2019-03-06,144,42,0
2019-03-07,72,36,0
2019-03-08,87,36,0
2019-03-09,70,39,0
2019-03-10,67,41,0
2019-03-11,148,39,0
2019-03-12,122,40,0
2019-03-13,79,40,0
2019-03-14,147,39,0
2019-03-15,116,38,0
2019-03-16,93,39,0
2019-03-17,90,42,0
2019-03-18,72,42,0
2019-03-19,97,38,0
2019-03-20,106,37,0
2019-03-21,149,41,0
2019-03-22,82,39,0
2019-03-23,83,42,0
2019-03-24,86,39,0
2019-03-25,117,42,0
2019-03-26,105,40,0
2019-03-27,114,36,0
2019-03-28,69,42,0
2019-03-29,78,38,0
2019-03-30,109,37,0
2019-03-31,141,37,0
2019-04-01,92,38,0
2019-04-02,144,42,0
2019-04-03,60,38,0
2019-04-04,87,36,0
2019-04-05,57,40,0
2019-04-06,97,37,0
2019-04-07,105,39,0
2019-04-08,114,39,0
2019-04-09,53,42,0
2019-04-10,99,36,0
2019-04-11,79,40,0
2019-04-12,116,38,0
2019-04-13,94,38,0
2019-04-14,75,39,0
2019-04-15,95,38,0
2019-04-16,113,41,0
2019-04-17,100,38,0
2019-04-18,55,37,0
2019-04-19,64,38,0
2019-04-20,79,40,0
2019-04-21,150,37,0
2019-04-22,86,37,0
2019-04-23,150,37,0
2019-04-24,136,38,0
2019-04-25,117,41,0
2019-04-26,122,37,0
2019-04-27,78,36,0
2019-04-28,108,40,0
2019-04-29,66,42,0
2019-04-30,145,40,0
2019-05-01,117,41,0
2019-05-02,86,40,0
2019-05-03,98,36,0
2019-05-04,83,40,0
2019-05-05,135,40,0
2019-05-06,136,40,0
2019-05-07,52,38,0
2019-05-08,147,37,0
2019-05-09,100,40,0
2019-05-10,134,37,0
2019-05-11,70,41,0
2019-05-12,60,39,0
2019-05-13,117,42,0
2019-05-14,50,38,0
2019-05-15,112,39,0
2019-05-16,148,40,0
2019-05-17,147,40,0
2019-05-18,149,38,0
2019-05-19,66,38,0
2019-05-20,131,38,0
2019-05-21,73,41,0
2019-05-22,68,37,0
2019-05-23,134,40,0
2019-05-24,54,39,0
2019-05-25,150,36,0
2019-05-26,68,39,0
2019-05-27,113,42,0
2019-05-28,147,38,0
2019-05-29,103,38,0
2019-05-30,96,40,0
2019-05-31,70,39,0
2019-06-01,60,41,0
2019-06-02,141,42,0
2019-06-03,130,40,0
2019-06-04,90,39,0
2019-06-05,61,41,0
2019-06-06,66,41,0
2019-06-07,68,38,0
2019-06-08,97,37,0
2019-06-09,101,39,0
2019-06-10,104,41,0
2019-06-11,149,37,0
2019-06-12,124,41,0
2019-06-13,111,36,0
2019-06-14,64,42,0
2019-06-15,124,38,0
2019-06-16,130,36,0
2019-06-17,102,38,0
2019-06-18,140,41,0
2019-06-19,141,37,0
2019-06-20,96,38,0
2019-06-21,53,42,0
2019-06-22,84,42,0
2019-06-23,122,42,0
2019-06-24,94,39,0
2019-06-25,130,36,0
2019-06-26,146,36,0
2019-06-27,112,38,0
2019-06-28,116,41,0
2019-06-29,118,38,0
2019-06-30,96,40,0
2019-07-01,90,33,1
2019-07-02,109,34,1
2019-07-03,51,21,1
2019-07-04,115,32,1
2019-07-05,96,30,1
2019-07-06,39,25,1
2019-07-07,93,29,1
2019-07-08,50,33,1
2019-07-09,105,35,1
2019-07-10,70,21,1
2019-07-11,64,27,1
2019-07-12,59,27,1
2019-07-13,76,28,1
2019-07-14,48,22,1
2019-07-15,37,21,1
2019-07-16,100,29,1
2019-07-17,36,33,1
2019-07-18,94,22,1
2019-07-19,54,23,1
2019-07-20,30,24,1
2019-07-21,66,34,1
2019-07-22,37,32,1
2019-07-23,89,24,1
2019-07-24,102,35,1
2019-07-25,30,34,1
2019-07-26,64,23,1
2019-07-27,92,21,1
2019-07-28,52,27,1
2019-07-29,63,28,1
2019-07-30,107,33,1
2019-07-31,33,35,1
2019-08-01,104,33,1
2019-08-02,101,22,1
2019-08-03,43,22,1
2019-08-04,106,31,1
2019-08-05,63,32,1
2019-08-06,90,32,1
2019-08-07,45,22,1
2019-08-08,69,21,1
2019-08-09,63,20,1
2019-08-10,45,29,1
2019-08-11,89,25,1
2019-08-12,95,21,1
2019-08-13,42,29,1
2019-08-14,60,27,1
2019-08-15,63,31,1
2019-08-16,96,26,1
2019-08-17,116,27,1
2019-08-18,84,33,1
2019-08-19,82,30,1
2019-08-20,94,26,1
2019-08-21,59,20,1
2019-08-22,42,24,1
2019-08-23,48,24,1
2019-08-24,48,24,1
2019-08-25,54,28,1
2019-08-26,60,25,1
2019-08-27,84,20,1
2019-08-28,61,26,1
2019-08-29,103,33,1
2019-08-30,101,29,1
2019-08-31,81,25,1
2019-09-01,61,23,1
2019-09-02,43,21,1
2019-09-03,57,21,1
2019-09-04,82,33,1
2019-09-05,108,27,1
2019-09-06,59,25,1
2019-09-07,33,34,1
2019-09-08,88,32,1
2019-09-09,37,26,1
2019-09-10,41,21,1
2019-09-11,60,26,1
2019-09-12,63,33,1
2019-09-13,104,21,1
2019-09-14,105,28,1
2019-09-15,108,20,1
2019-09-16,55,28,1
2019-09-17,115,21,1
2019-09-18,110,25,1
2019-09-19,117,26,1
2019-09-20,37,21,1
2019-09-21,35,28,1
2019-09-22,73,24,1
2019-09-23,93,28,1
2019-09-24,57,32,1
2019-09-25,94,30,1
2019-09-26,48,30,1
2019-09-27,56,28,1
2019-09-28,73,21,1
2019-09-29,111,23,1
2019-09-30,80,34,1
2019-10-01,112,32,1
2019-10-02,99,20,1
2019-10-03,85,35,1
2019-10-04,80,31,1
2019-10-05,46,24,1
2019-10-06,116,29,1
2019-10-07,58,29,1
2019-10-08,89,20,1
2019-10-09,118,30,1
2019-10-10,84,27,1
2019-10-11,76,29,1
2019-10-12,114,26,1
2019-10-13,42,24,1
2019-10-14,62,24,1
2019-10-15,40,27,1
2019-10-16,97,20,1
2019-10-17,54,34,1
2019-10-18,102,33,1
2019-10-19,113,24,1
2019-10-20,112,22,1
2019-10-21,66,31,1
2019-10-22,46,29,1
2019-10-23,77,24,1
2019-10-24,57,26,1
2019-10-25,70,35,1
2019-10-26,76,22,1
2019-10-27,47,35,1
2019-10-28,107,35,1
2019-10-29,100,22,1
2019-10-30,42,28,1
2019-10-31,42,21,1
2019-11-01,130,13,0
2019-11-02,115,11,0
2019-11-03,172,18,0
2019-11-04,153,15,0
2019-11-05,199,17,0
2019-11-06,236,16,0
2019-11-07,107,17,0
2019-11-08,135,16,0
2019-11-09,102,11,0
2019-11-10,248,15,0
2019-11-11,153,17,0
2019-11-12,164,15,0
2019-11-13,120,13,0
2019-11-14,112,12,0
2019-11-15,148,18,0
2019-11-16,153,15,0
2019-11-17,152,19,0
2019-11-18,173,14,0
2019-11-19,201,14,0
2019-11-20,101,17,0
2019-11-21,180,15,0
2019-11-22,241,13,0
2019-11-23,230,19,0
2019-11-24,116,15,0
2019-11-25,215,15,0
2019-11-26,128,17,0
2019-11-27,221,18,0
2019-11-28,164,19,0
2019-11-29,218,13,0
2019-11-30,203,10,0
2019-12-01,126,19,0
2019-12-02,233,15,0
2019-12-03,132,16,0
2019-12-04,106,16,0
2019-12-05,156,13,0
2019-12-06,234,14,0
2019-12-07,210,13,0
2019-12-08,174,12,0
2019-12-09,144,17,0
2019-12-10,158,15,0
2019-12-11,203,13,0
2019-12-12,197,12,0
2019-12-13,178,11,0
2019-12-14,103,16,0
2019-12-15,203,19,0
2019-12-16,218,18,0
2019-12-17,155,14,0
2019-12-18,174,13,0
2019-12-19,116,15,0
2019-12-20,205,19,0
2019-12-21,125,18,0
2019-12-22,237,18,0
2019-12-23,110,12,0
2019-12-24,203,14,0
2019-12-25,194,13,0
2019-12-26,148,10,0
2019-12-27,201,13,0
2019-12-28,156,17,0
2019-12-29,125,18,0
2019-12-30,213,10,0
2019-12-31,183,14,0
2020-01-01,204,13,0
2020-01-02,153,17,0
2020-01-03,114,10,0
2020-01-04,120,19,0
2020-01-05,233,14,0
2020-01-06,161,15,0
2020-01-07,177,15,0
2020-01-08,145,19,0
2020-01-09,105,12,0
2020-01-10,207,17,0
2020-01-11,174,10,0
2020-01-12,110,11,0
2020-01-13,115,15,0
2020-01-14,198,13,0
2020-01-15,163,17,0
2020-01-16,175,19,0
2020-01-17,188,14,0
2020-01-18,118,11,0
2020-01-19,154,16,0
2020-01-20,217,15,0
2020-01-21,233,11,0
2020-01-22,207,13,0
2020-01-23,128,12,0
2020-01-24,116,11,0
2020-01-25,179,14,0
2020-01-26,107,11,0
2020-01-27,107,19,0
2020-01-28,193,13,0
2020-01-29,138,10,0
2020-01-30,183,10,0
2020-01-31,185,17,0
2020-02-01,143,15,0
2020-02-02,173,18,0
2020-02-03,200,13,0
2020-02-04,203,19,0
2020-02-05,154,11,0
2020-02-06,190,17,0
2020-02-07,200,15,0
2020-02-08,192,18,0
2020-02-09,207,12,0
2020-02-10,108,19,0
2020-02-11,133,15,0
2020-02-12,228,12,0
2020-02-13,192,18,0
2020-02-14,166,16,0
2020-02-15,247,13,0
2020-02-16,193,14,0
2020-02-17,198,12,0
2020-02-18,202,10,0
2020-02-19,116,19,0
2020-02-20,215,11,0
2020-02-21,190,13,0
2020-02-22,167,11,0
2020-02-23,213,10,0
2020-02-24,157,10,0
2020-02-25,208,19,0
2020-02-26,215,13,0
2020-02-27,109,16,0
2020-02-28,204,18,0
2020-02-29,221,14,0
2020-03-01,66,36,0
2020-03-02,147,41,0
2020-03-03,90,40,0
2020-03-04,117,40,0
2020-03-05,60,40,0
2020-03-06,70,38,0
2020-03-07,125,38,0
2020-03-08,68,37,0
2020-03-09,109,40,0
2020-03-10,96,42,0
2020-03-11,120,42,0
2020-03-12,89,37,0
2020-03-13,70,40,0
2020-03-14,53,41,0
2020-03-15,133,42,0
2020-03-16,142,42,0
2020-03-17,68,36,0
2020-03-18,95,42,0
2020-03-19,140,39,0
2020-03-20,64,39,0
2020-03-21,86,38,0
2020-03-22,116,36,0
2020-03-23,73,42,0
2020-03-24,89,38,0
2020-03-25,110,42,0
2020-03-26,147,39,0
2020-03-27,73,40,0
2020-03-28,53,37,0
2020-03-29,83,38,0
2020-03-30,98,36,0
2020-03-31,102,42,0
2020-04-01,72,39,0
2020-04-02,118,40,0
2020-04-03,102,42,0
2020-04-04,90,41,0
2020-04-05,109,36,0
2020-04-06,119,41,0
2020-04-07,106,40,0
2020-04-08,89,37,0
2020-04-09,87,42,0
2020-04-10,110,40,0
2020-04-11,52,39,0
2020-04-12,135,38,0
2020-04-13,117,42,0
2020-04-14,125,39,0
2020-04-15,85,41,0
2020-04-16,90,42,0
2020-04-17,62,40,0
2020-04-18,107,42,0
2020-04-19,79,37,0
2020-04-20,150,41,0
2020-04-21,76,36,0
2020-04-22,127,38,0
2020-04-23,96,36,0
2020-04-24,149,41,0
2020-04-25,65,42,0
2020-04-26,134,41,0
2020-04-27,70,41,0
2020-04-28,65,36,0
2020-04-29,80,38,0
2020-04-30,123,37,0
2020-05-01,83,38,0
2020-05-02,58,42,0
2020-05-03,60,36,0
2020-05-04,135,37,0
2020-05-05,66,36,0
2020-05-06,97,39,0
2020-05-07,74,39,0
2020-05-08,70,38,0
2020-05-09,114,40,0
2020-05-10,138,42,0
2020-05-11,85,38,0
2020-05-12,137,36,0
2020-05-13,64,37,0
2020-05-14,119,42,0
2020-05-15,72,36,0
2020-05-16,88,37,0
2020-05-17,106,40,0
2020-05-18,83,36,0
2020-05-19,90,38,0
2020-05-20,122,40,0
2020-05-21,119,40,0
2020-05-22,133,41,0
2020-05-23,52,39,0
2020-05-24,112,36,0
2020-05-25,125,36,0
2020-05-26,104,42,0
2020-05-27,130,36,0
2020-05-28,139,38,0
2020-05-29,149,42,0
2020-05-30,67,39,0
2020-05-31,132,36,0
2020-06-01,84,38,0
2020-06-02,107,41,0
2020-06-03,63,36,0
2020-06-04,110,37,0
2020-06-05,53,42,0
2020-06-06,78,38,0
2020-06-07,55,38,0
2020-06-08,146,36,0
2020-06-09,89,36,0
2020-06-10,114,38,0
2020-06-11,76,40,0
2020-06-12,62,41,0
2020-06-13,148,41,0
2020-06-14,125,38,0
2020-06-15,92,38,0
2020-06-16,138,37,0
2020-06-17,144,39,0
2020-06-18,93,39,0
2020-06-19,51,42,0
2020-06-20,106,41,0
2020-06-21,121,40,0
2020-06-22,127,42,0
2020-06-23,116,42,0
2020-06-24,65,37,0
2020-06-25,132,42,0
2020-06-26,131,38,0
2020-06-27,129,39,0
2020-06-28,146,39,0
2020-06-29,61,36,0
2020-06-30,102,41,0
2020-07-01,34,30,1
2020-07-02,41,30,1
2020-07-03,35,20,1
2020-07-04,34,20,1
2020-07-05,57,28,1
2020-07-06,98,33,1
2020-07-07,88,25,1
2020-07-08,91,20,1
2020-07-09,48,21,1
2020-07-10,98,25,1
2020-07-11,95,30,1
2020-07-12,76,33,1
2020-07-13,97,26,1
2020-07-14,42,20,1
2020-07-15,83,23,1
2020-07-16,108,26,1
2020-07-17,43,26,1
2020-07-18,48,26,1
2020-07-19,83,35,1
2020-07-20,49,32,1
2020-07-21,53,32,1
2020-07-22,92,21,1
2020-07-23,86,29,1
2020-07-24,119,27,1
2020-07-25,58,33,1
2020-07-26,46,29,1
2020-07-27,35,21,1
2020-07-28,98,29,1
2020-07-29,91,31,1
2020-07-30,98,28,1
2020-07-31,119,21,1
2020-08-01,70,23,1
2020-08-02,120,20,1
2020-08-03,105,20,1
2020-08-04,32,26,1
2020-08-05,118,29,1
2020-08-06,109,22,1
2020-08-07,53,21,1
2020-08-08,67,29,1
2020-08-09,55,25,1
2020-08-10,84,30,1
2020-08-11,120,26,1
2020-08-12,49,32,1
2020-08-13,70,30,1
2020-08-14,49,25,1
2020-08-15,48,31,1
2020-08-16,95,23,1
2020-08-17,82,33,1
2020-08-18,51,21,1
2020-08-19,35,22,1
2020-08-20,56,34,1
2020-08-21,102,29,1
2020-08-22,77,20,1
2020-08-23,88,25,1
2020-08-24,88,23,1
2020-08-25,31,31,1
2020-08-26,97,32,1
2020-08-27,112,20,1
2020-08-28,118,29,1
2020-08-29,82,29,1
2020-08-30,88,34,1
2020-08-31,80,25,1
2020-09-01,50,35,1
2020-09-02,51,30,1
2020-09-03,59,23,1
2020-09-04,57,28,1
2020-09-05,74,20,1
2020-09-06,36,23,1
2020-09-07,38,20,1
2020-09-08,112,23,1
2020-09-09,39,20,1
2020-09-10,102,23,1
2020-09-11,75,32,1
2020-09-12,61,29,1
2020-09-13,35,35,1
2020-09-14,67,35,1
2020-09-15,103,20,1
2020-09-16,56,21,1
2020-09-17,79,25,1
2020-09-18,114,22,1
2020-09-19,54,34,1
2020-09-20,44,31,1
2020-09-21,102,23,1
2020-09-22,55,30,1
2020-09-23,46,22,1
2020-09-24,70,30,1
2020-09-25,79,29,1
2020-09-26,69,23,1
2020-09-27,52,26,1
2020-09-28,81,34,1
2020-09-29,92,34,1
2020-09-30,98,20,1
2020-10-01,77,30,1
2020-10-02,69,21,1
2020-10-03,90,30,1
2020-10-04,96,21,1
2020-10-05,87,33,1
2020-10-06,104,20,1
2020-10-07,111,35,1
2020-10-08,77,33,1
2020-10-09,39,26,1
2020-10-10,67,21,1
2020-10-11,48,34,1
2020-10-12,88,23,1
2020-10-13,106,34,1
2020-10-14,75,27,1
2020-10-15,103,22,1
2020-10-16,94,25,1
2020-10-17,120,26,1
2020-10-18,37,33,1
2020-10-19,110,22,1
2020-10-20,35,28,1
2020-10-21,118,30,1
2020-10-22,89,26,1
2020-10-23,83,31,1
2020-10-24,38,24,1
2020-10-25,85,21,1
2020-10-26,114,30,1
2020-10-27,90,21,1
2020-10-28,89,29,1
2020-10-29,69,25,1
2020-10-30,66,23,1
2020-10-31,47,34,1
2020-11-01,162,11,0
2020-11-02,238,15,0
2020-11-03,103,19,0
2020-11-04,234,15,0
2020-11-05,187,15,0
2020-11-06,228,13,0
2020-11-07,102,16,0
2020-11-08,220,15,0
2020-11-09,201,10,0
2020-11-10,184,15,0
2020-11-11,191,14,0
2020-11-12,208,14,0
2020-11-13,182,13,0
2020-11-14,168,12,0
2020-11-15,239,10,0
2020-11-16,122,17,0
2020-11-17,120,18,0
2020-11-18,151,19,0
2020-11-19,154,17,0
2020-11-20,195,16,0
2020-11-21,135,14,0
2020-11-22,205,19,0
2020-11-23,138,19,0
2020-11-24,212,10,0
2020-11-25,160,14,0
2020-11-26,105,18,0
2020-11-27,208,12,0
2020-11-28,138,12,0
2020-11-29,217,15,0
2020-11-30,186,14,0
2020-12-01,175,10,0
2020-12-02,156,16,0
2020-12-03,128,15,0
2020-12-04,186,14,0
2020-12-05,211,13,0
2020-12-06,144,16,0
2020-12-07,203,10,0
2020-12-08,233,14,0
2020-12-09,193,11,0
2020-12-10,132,15,0
2020-12-11,225,10,0
2020-12-12,221,19,0
2020-12-13,214,19,0
2020-12-14,127,13,0
2020-12-15,146,16,0
2020-12-16,226,15,0
2020-12-17,217,12,0
2020-12-18,171,17,0
2020-12-19,132,18,0
2020-12-20,118,10,0
2020-12-21,173,12,0
2020-12-22,197,17,0
2020-12-23,240,12,0
2020-12-24,228,15,0
2020-12-25,192,11,0
2020-12-26,163,10,0
2020-12-27,227,16,0
2020-12-28,125,17,0
2020-12-29,170,10,0
2020-12-30,125,14,0
2020-12-31,106,10,0
2021-01-01,148,19,0
2021-01-02,152,16,0
2021-01-03,161,10,0
2021-01-04,124,10,0
2021-01-05,128,12,0
2021-01-06,125,14,0
2021-01-07,153,18,0
2021-01-08,219,18,0
2021-01-09,164,17,0
2021-01-10,185,18,0
2021-01-11,207,18,0
2021-01-12,217,12,0
2021-01-13,182,18,0
2021-01-14,114,12,0
2021-01-15,238,12,0
2021-01-16,129,14,0
2021-01-17,245,18,0
2021-01-18,227,12,0
2021-01-19,235,11,0
2021-01-20,105,15,0
2021-01-21,203,18,0
2021-01-22,178,13,0
2021-01-23,156,13,0
2021-01-24,181,10,0
2021-01-25,176,11,0
2021-01-26,178,15,0
2021-01-27,222,13,0
2021-01-28,166,19,0
2021-01-29,102,12,0
2021-01-30,163,15,0
2021-01-31,158,17,0
2021-02-01,161,16,0
2021-02-02,159,13,0
2021-02-03,174,13,0
2021-02-04,206,19,0
2021-02-05,161,11,0
2021-02-06,236,10,0
2021-02-07,160,11,0
2021-02-08,147,17,0
2021-02-09,235,18,0
2021-02-10,157,18,0
2021-02-11,211,14,0
2021-02-12,157,16,0
2021-02-13,198,13,0
2021-02-14,143,14,0
2021-02-15,191,16,0
2021-02-16,226,18,0
2021-02-17,244,15,0
2021-02-18,230,16,0
2021-02-19,163,14,0
2021-02-20,135,19,0
2021-02-21,161,19,0
2021-02-22,175,19,0
2021-02-23,112,19,0
2021-02-24,115,15,0
2021-02-25,203,17,0
2021-02-26,139,18,0
2021-02-27,193,11,0
2021-02-28,143,19,0
2021-03-01,128,38,0
2021-03-02,139,36,0
2021-03-03,99,37,0
2021-03-04,139,39,0
2021-03-05,67,42,0
2021-03-06,145,41,0
2021-03-07,111,36,0
2021-03-08,116,41,0
2021-03-09,116,41,0
2021-03-10,110,41,0
2021-03-11,143,36,0
2021-03-12,145,40,0
2021-03-13,70,39,0
2021-03-14,62,37,0
2021-03-15,149,38,0
2021-03-16,71,42,0
2021-03-17,102,37,0
2021-03-18,128,42,0
2021-03-19,145,39,0
2021-03-20,119,42,0
2021-03-21,150,39,0
2021-03-22,125,39,0
2021-03-23,77,36,0
2021-03-24,86,36,0
2021-03-25,71,42,0
2021-03-26,70,41,0
2021-03-27,128,38,0
2021-03-28,109,40,0
2021-03-29,99,41,0
2021-03-30,138,41,0
2021-03-31,108,41,0
2021-04-01,78,42,0
2021-04-02,126,42,0
2021-04-03,67,41,0
2021-04-04,57,37,0
2021-04-05,146,38,0
2021-04-06,87,41,0
2021-04-07,69,38,0
2021-04-08,92,39,0
2021-04-09,80,40,0
2021-04-10,145,38,0
2021-04-11,123,40,0
2021-04-12,140,38,0
2021-04-13,144,38,0
2021-04-14,65,42,0
2021-04-15,62,40,0
2021-04-16,84,36,0
2021-04-17,124,39,0
2021-04-18,70,38,0
2021-04-19,103,38,0
2021-04-20,79,38,0
2021-04-21,97,42,0
2021-04-22,84,40,0
2021-04-23,87,41,0
2021-04-24,127,42,0
2021-04-25,98,37,0
2021-04-26,81,39,0
2021-04-27,128,42,0
2021-04-28,107,38,0
2021-04-29,52,38,0
2021-04-30,134,40,0
2021-05-01,59,40,0
2021-05-02,74,38,0
2021-05-03,110,39,0
2021-05-04,68,40,0
2021-05-05,115,38,0
2021-05-06,110,37,0
2021-05-07,74,38,0
2021-05-08,97,39,0
2021-05-09,136,38,0
2021-05-10,147,38,0
2021-05-11,77,42,0
2021-05-12,112,40,0
2021-05-13,54,38,0
2021-05-14,70,38,0
2021-05-15,99,39,0
2021-05-16,91,39,0
2021-05-17,87,39,0
2021-05-18,63,36,0
2021-05-19,81,38,0
2021-05-20,110,38,0
2021-05-21,76,37,0
2021-05-22,103,42,0
2021-05-23,136,37,0
2021-05-24,70,38,0
2021-05-25,54,39,0
2021-05-26,90,42,0
2021-05-27,138,38,0
2021-05-28,103,36,0
2021-05-29,71,37,0
2021-05-30,114,38,0
2021-05-31,53,42,0
2021-06-01,64,36,0
2021-06-02,71,39,0
2021-06-03,96,41,0
2021-06-04,142,36,0
2021-06-05,63,41,0
2021-06-06,69,37,0
2021-06-07,82,37,0
2021-06-08,108,42,0
2021-06-09,128,38,0
2021-06-10,89,39,0
2021-06-11,69,41,0
2021-06-12,87,41,0
2021-06-13,77,38,0
2021-06-14,143,37,0
2021-06-15,126,40,0
2021-06-16,86,37,0
2021-06-17,115,36,0
2021-06-18,103,39,0
2021-06-19,124,37,0
2021-06-20,89,39,0
2021-06-21,71,38,0
2021-06-22,57,39,0
2021-06-23,89,40,0
2021-06-24,79,37,0
2021-06-25,133,36,0
2021-06-26,104,39,0
2021-06-27,111,41,0
2021-06-28,56,38,0
2021-06-29,108,40,0
2021-06-30,105,42,0
2021-07-01,56,35,1
2021-07-02,116,24,1
2021-07-03,102,27,1
2021-07-04,80,22,1
2021-07-05,66,23,1
2021-07-06,110,29,1
2021-07-07,86,34,1
2021-07-08,108,27,1
2021-07-09,49,34,1
2021-07-10,82,31,1
2021-07-11,41,26,1
2021-07-12,46,20,1
2021-07-13,71,35,1
2021-07-14,58,33,1
2021-07-15,40,22,1
2021-07-16,79,21,1
2021-07-17,87,26,1
2021-07-18,49,21,1
2021-07-19,117,21,1
2021-07-20,61,29,1
2021-07-21,44,23,1
2021-07-22,113,24,1
2021-07-23,66,22,1
2021-07-24,69,33,1
2021-07-25,69,27,1
2021-07-26,85,31,1
2021-07-27,40,26,1
2021-07-28,93,33,1
2021-07-29,85,27,1
2021-07-30,39,31,1
2021-07-31,57,26,1
2021-08-01,65,20,1
2021-08-02,42,32,1
2021-08-03,65,35,1
2021-08-04,55,24,1
2021-08-05,33,25,1
2021-08-06,111,34,1
2021-08-07,67,35,1
2021-08-08,117,34,1
2021-08-09,116,34,1
2021-08-10,31,25,1
2021-08-11,40,34,1
2021-08-12,75,31,1
2021-08-13,91,35,1
2021-08-14,93,24,1
2021-08-15,39,25,1
2021-08-16,53,27,1
2021-08-17,73,22,1
2021-08-18,89,35,1
2021-08-19,116,33,1
2021-08-20,94,20,1
2021-08-21,86,26,1
2021-08-22,82,26,1
2021-08-23,38,27,1
2021-08-24,42,25,1
2021-08-25,77,28,1
2021-08-26,105,21,1
2021-08-27,46,27,1
2021-08-28,44,34,1
2021-08-29,92,34,1
2021-08-30,68,26,1
2021-08-31,110,32,1
2021-09-01,38,35,1
2021-09-02,49,27,1
2021-09-03,120,29,1
2021-09-04,111,24,1
2021-09-05,109,32,1
2021-09-06,92,28,1
2021-09-07,73,31,1
2021-09-08,112,25,1
2021-09-09,100,31,1
2021-09-10,77,28,1
2021-09-11,45,21,1
2021-09-12,68,26,1
2021-09-13,88,23,1
2021-09-14,91,28,1
2021-09-15,42,27,1
2021-09-16,110,32,1
2021-09-17,35,20,1
2021-09-18,106,22,1
2021-09-19,89,28,1
2021-09-20,43,29,1
2021-09-21,83,34,1
2021-09-22,68,23,1
2021-09-23,54,27,1
2021-09-24,61,32,1
2021-09-25,92,30,1
2021-09-26,82,25,1
2021-09-27,96,33,1
2021-09-28,32,31,1
2021-09-29,109,32,1
2021-09-30,67,25,1
2021-10-01,101,27,1
2021-10-02,86,33,1
2021-10-03,107,25,1
2021-10-04,39,35,1
2021-10-05,88,22,1
2021-10-06,78,31,1
2021-10-07,60,30,1
2021-10-08,98,32,1
2021-10-09,81,33,1
2021-10-10,70,28,1
2021-10-11,114,34,1
2021-10-12,113,29,1
2021-10-13,51,26,1
2021-10-14,42,23,1
2021-10-15,71,32,1
2021-10-16,78,21,1
2021-10-17,106,23,1
2021-10-18,83,20,1
2021-10-19,30,23,1
2021-10-20,106,34,1
2021-10-21,53,20,1
2021-10-22,101,29,1
2021-10-23,120,21,1
2021-10-24,52,32,1
2021-10-25,101,33,1
2021-10-26,88,27,1
2021-10-27,88,29,1
2021-10-28,68,32,1
2021-10-29,57,24,1
2021-10-30,90,28,1
2021-10-31,31,35,1
2021-11-01,244,15,0
2021-11-02,112,16,0
2021-11-03,193,11,0
2021-11-04,112,11,0
2021-11-05,193,14,0
2021-11-06,211,14,0
2021-11-07,180,16,0
2021-11-08,215,17,0
2021-11-09,207,18,0
2021-11-10,227,14,0
2021-11-11,156,13,0
2021-11-12,236,13,0
2021-11-13,210,15,0
2021-11-14,143,10,0
2021-11-15,174,12,0
2021-11-16,108,11,0
2021-11-17,235,10,0
2021-11-18,111,17,0
2021-11-19,206,10,0
2021-11-20,141,17,0
2021-11-21,238,12,0
2021-11-22,194,16,0
2021-11-23,184,10,0
2021-11-24,250,17,0
2021-11-25,233,17,0
2021-11-26,201,15,0
2021-11-27,153,14,0
2021-11-28,214,17,0
2021-11-29,148,17,0
2021-11-30,214,14,0
2021-12-01,162,11,0
2021-12-02,182,17,0
2021-12-03,116,16,0
2021-12-04,246,15,0
2021-12-05,127,17,0
2021-12-06,137,11,0
2021-12-07,136,16,0
2021-12-08,167,12,0
2021-12-09,142,15,0
2021-12-10,157,13,0
2021-12-11,157,13,0
2021-12-12,204,10,0
2021-12-13,182,13,0
2021-12-14,198,19,0
2021-12-15,127,17,0
2021-12-16,147,10,0
2021-12-17,196,17,0
2021-12-18,213,17,0
2021-12-19,236,13,0
2021-12-20,175,17,0
2021-12-21,218,17,0
2021-12-22,133,18,0
2021-12-23,217,12,0
2021-12-24,172,19,0
2021-12-25,247,19,0
2021-12-26,109,17,0
2021-12-27,166,12,0
2021-12-28,104,17,0
2021-12-29,126,12,0
2021-12-30,114,10,0
2021-12-31,204,12,0
2022-01-01,143,14,0
2022-01-02,194,19,0
2022-01-03,183,11,0
2022-01-04,231,16,0
2022-01-05,211,16,0
2022-01-06,188,10,0
2022-01-07,230,11,0
2022-01-08,248,19,0
2022-01-09,183,18,0
2022-01-10,215,10,0
2022-01-11,215,15,0
2022-01-12,242,15,0
2022-01-13,209,19,0
2022-01-14,145,13,0
2022-01-15,120,18,0
2022-01-16,220,17,0
2022-01-17,232,19,0
2022-01-18,212,15,0
2022-01-19,190,16,0
2022-01-20,248,11,0
2022-01-21,203,12,0
2022-01-22,139,16,0
2022-01-23,237,11,0
2022-01-24,160,18,0
2022-01-25,221,14,0
2022-01-26,154,14,0
2022-01-27,155,14,0
2022-01-28,192,15,0
2022-01-29,172,14,0
2022-01-30,203,11,0
2022-01-31,129,12,0
2022-02-01,189,16,0
2022-02-02,224,17,0
2022-02-03,221,15,0
2022-02-04,202,18,0
2022-02-05,130,19,0
2022-02-06,188,13,0
2022-02-07,121,10,0
2022-02-08,200,17,0
2022-02-09,164,10,0
2022-02-10,248,18,0
2022-02-11,121,10,0
2022-02-12,198,15,0
2022-02-13,116,17,0
2022-02-14,189,10,0
2022-02-15,180,10,0
2022-02-16,209,15,0
2022-02-17,242,17,0
2022-02-18,126,15,0
2022-02-19,159,10,0
2022-02-20,157,15,0
2022-02-21,250,10,0
2022-02-22,125,18,0
2022-02-23,119,14,0
2022-02-24,158,15,0
2022-02-25,245,11,0
2022-02-26,116,13,0
2022-02-27,113,18,0
2022-02-28,227,16,0
2022-03-01,64,39,0
2022-03-02,112,38,0
2022-03-03,84,38,0
2022-03-04,84,36,0
2022-03-05,69,38,0
2022-03-06,84,39,0
2022-03-07,97,37,0
2022-03-08,73,39,0
2022-03-09,66,40,0
2022-03-10,99,42,0
2022-03-11,148,36,0
2022-03-12,62,39,0
2022-03-13,107,41,0
2022-03-14,86,41,0
2022-03-15,117,42,0
2022-03-16,129,38,0
2022-03-17,65,39,0
2022-03-18,53,41,0
2022-03-19,139,40,0
2022-03-20,145,39,0
2022-03-21,115,40,0
2022-03-22,52,42,0
2022-03-23,57,41,0
2022-03-24,92,42,0
2022-03-25,122,42,0
2022-03-26,94,42,0
2022-03-27,57,37,0
2022-03-28,106,42,0
2022-03-29,79,38,0
2022-03-30,67,37,0
2022-03-31,118,37,0
2022-04-01,142,40,0
2022-04-02,109,42,0
2022-04-03,92,37,0
2022-04-04,94,41,0
2022-04-05,118,42,0
2022-04-06,55,41,0
2022-04-07,53,37,0
2022-04-08,72,40,0
2022-04-09,81,41,0
2022-04-10,67,37,0
2022-04-11,89,42,0
2022-04-12,145,37,0
2022-04-13,150,36,0
2022-04-14,133,37,0
2022-04-15,112,41,0
2022-04-16,60,38,0
2022-04-17,66,38,0
2022-04-18,112,39,0
2022-04-19,130,39,0
2022-04-20,132,36,0
2022-04-21,81,40,0
2022-04-22,119,41,0
2022-04-23,71,38,0
2022-04-24,133,36,0
2022-04-25,60,41,0
2022-04-26,52,40,0
2022-04-27,109,36,0
2022-04-28,136,39,0
2022-04-29,146,41,0
2022-04-30,122,37,0
2022-05-01,123,42,0
2022-05-02,96,38,0
2022-05-03,96,40,0
2022-05-04,136,39,0
2022-05-05,74,41,0
2022-05-06,147,39,0
2022-05-07,74,40,0
2022-05-08,127,37,0
2022-05-09,107,37,0
2022-05-10,90,41,0
2022-05-11,127,36,0
2022-05-12,97,38,0
2022-05-13,59,37,0
2022-05-14,124,38,0
2022-05-15,134,38,0
2022-05-16,135,40,0
2022-05-17,56,40,0
2022-05-18,130,42,0
2022-05-19,113,41,0
2022-05-20,125,37,0
2022-05-21,91,36,0
2022-05-22,103,37,0
2022-05-23,124,38,0
2022-05-24,67,36,0
2022-05-25,108,38,0
2022-05-26,65,37,0
2022-05-27,106,41,0
2022-05-28,96,39,0
2022-05-29,97,42,0
2022-05-30,125,37,0
2022-05-31,126,39,0
2022-06-01,51,39,0
2022-06-02,108,37,0
2022-06-03,76,38,0
2022-06-04,121,42,0
2022-06-05,112,42,0
2022-06-06,95,42,0
2022-06-07,61,42,0
2022-06-08,92,40,0
2022-06-09,112,36,0
2022-06-10,130,40,0
2022-06-11,134,39,0
2022-06-12,139,40,0
2022-06-13,77,39,0
2022-06-14,142,41,0
2022-06-15,125,42,0
2022-06-16,79,40,0
2022-06-17,65,42,0
2022-06-18,123,41,0
2022-06-19,101,42,0
2022-06-20,86,39,0
2022-06-21,116,40,0
2022-06-22,149,42,0
2022-06-23,95,42,0
2022-06-24,68,39,0
2022-06-25,70,40,0
2022-06-26,76,40,0
2022-06-27,78,42,0
2022-06-28,74,39,0
2022-06-29,112,41,0
2022-06-30,51,39,0
2022-07-01,45,25,1
2022-07-02,98,21,1
2022-07-03,59,25,1
2022-07-04,48,32,1
2022-07-05,63,26,1
2022-07-06,72,32,1
2022-07-07,51,33,1
2022-07-08,81,23,1
2022-07-09,65,34,1
2022-07-10,48,28,1
2022-07-11,99,25,1
2022-07-12,108,23,1
2022-07-13,49,28,1
2022-07-14,61,28,1
2022-07-15,79,23,1
2022-07-16,34,21,1
2022-07-17,116,23,1
2022-07-18,104,33,1
2022-07-19,51,24,1
2022-07-20,97,29,1
2022-07-21,73,32,1
2022-07-22,106,21,1
2022-07-23,38,29,1
2022-07-24,36,29,1
2022-07-25,48,23,1
2022-07-26,60,29,1
2022-07-27,64,35,1
2022-07-28,114,28,1
2022-07-29,60,32,1
2022-07-30,82,22,1
2022-07-31,95,35,1
2022-08-01,39,30,1
2022-08-02,95,21,1
2022-08-03,117,31,1
2022-08-04,45,20,1
2022-08-05,75,35,1
2022-08-06,60,26,1
2022-08-07,117,30,1
2022-08-08,40,20,1
2022-08-09,114,26,1
2022-08-10,100,23,1
2022-08-11,79,29,1
2022-08-12,110,31,1
2022-08-13,104,20,1
2022-08-14,94,31,1
2022-08-15,82,34,1
2022-08-16,100,29,1
2022-08-17,53,21,1
2022-08-18,48,23,1
2022-08-19,104,29,1
2022-08-20,79,27,1
2022-08-21,104,30,1
2022-08-22,96,32,1
2022-08-23,96,31,1
2022-08-24,56,29,1
2022-08-25,83,20,1
2022-08-26,78,21,1
2022-08-27,31,35,1
2022-08-28,83,31,1
2022-08-29,113,33,1
2022-08-30,57,25,1
2022-08-31,39,28,1
2022-09-01,71,31,1
2022-09-02,106,27,1
2022-09-03,71,27,1
2022-09-04,66,34,1
2022-09-05,109,25,1
2022-09-06,51,32,1
2022-09-07,113,28,1
2022-09-08,56,21,1
2022-09-09,109,28,1
2022-09-10,61,21,1
2022-09-11,118,29,1
2022-09-12,41,21,1
2022-09-13,102,27,1
2022-09-14,119,31,1
2022-09-15,39,28,1
2022-09-16,77,35,1
2022-09-17,68,23,1
2022-09-18,95,31,1
2022-09-19,80,20,1
2022-09-20,65,31,1
2022-09-21,56,27,1
2022-09-22,60,21,1
2022-09-23,107,28,1
2022-09-24,58,21,1
2022-09-25,41,34,1
2022-09-26,57,24,1
2022-09-27,53,23,1
2022-09-28,39,24,1
2022-09-29,107,33,1
2022-09-30,47,24,1
2022-10-01,43,27,1
2022-10-02,87,21,1
2022-10-03,51,31,1
2022-10-04,99,27,1
2022-10-05,74,23,1
2022-10-06,51,23,1
2022-10-07,109,33,1
2022-10-08,85,32,1
2022-10-09,62,28,1
2022-10-10,65,32,1
2022-10-11,47,23,1
2022-10-12,96,25,1
2022-10-13,45,26,1
2022-10-14,98,30,1
2022-10-15,50,23,1
2022-10-16,107,27,1
2022-10-17,107,26,1
2022-10-18,41,25,1
2022-10-19,110,35,1
2022-10-20,116,32,1
2022-10-21,90,33,1
2022-10-22,75,26,1
2022-10-23,44,35,1
2022-10-24,46,31,1
2022-10-25,83,28,1
2022-10-26,73,34,1
2022-10-27,34,21,1
2022-10-28,56,32,1
2022-10-29,116,23,1
2022-10-30,107,27,1
2022-10-31,72,34,1
2022-11-01,130,10,0
2022-11-02,116,12,0
2022-11-03,209,12,0
2022-11-04,131,15,0
2022-11-05,240,17,0
2022-11-06,134,13,0
2022-11-07,128,14,0
2022-11-08,194,15,0
2022-11-09,168,15,0
2022-11-10,171,18,0
2022-11-11,228,16,0
2022-11-12,186,13,0
2022-11-13,153,16,0
2022-11-14,153,17,0
2022-11-15,115,19,0
2022-11-16,119,12,0
2022-11-17,226,12,0
2022-11-18,210,19,0
2022-11-19,180,10,0
2022-11-20,183,11,0
2022-11-21,107,15,0
2022-11-22,230,12,0
2022-11-23,207,12,0
2022-11-24,208,13,0
2022-11-25,172,13,0
2022-11-26,103,16,0
2022-11-27,118,12,0
2022-11-28,240,15,0
2022-11-29,185,18,0
2022-11-30,210,13,0
2022-12-01,208,14,0
2022-12-02,142,15,0
2022-12-03,141,12,0
2022-12-04,214,19,0
2022-12-05,250,19,0
2022-12-06,119,18,0
2022-12-07,138,17,0
2022-12-08,111,12,0
2022-12-09,110,16,0
2022-12-10,141,19,0
2022-12-11,197,15,0
2022-12-12,233,12,0
2022-12-13,212,13,0
2022-12-14,164,19,0
2022-12-15,171,12,0
2022-12-16,217,13,0
2022-12-17,106,17,0
2022-12-18,160,16,0
2022-12-19,239,13,0
2022-12-20,201,19,0
2022-12-21,216,12,0
2022-12-22,145,14,0
2022-12-23,187,14,0
2022-12-24,112,18,0
2022-12-25,224,18,0
2022-12-26,153,15,0
2022-12-27,215,18,0
2022-12-28,103,15,0
2022-12-29,106,10,0
2022-12-30,110,19,0
2022-12-31,122,15,0
2023-01-01,127,11,0
2023-01-02,125,18,0
2023-01-03,153,18,0
2023-01-04,196,12,0
2023-01-05,113,13,0
2023-01-06,129,12,0
2023-01-07,192,10,0
2023-01-08,201,17,0
2023-01-09,146,19,0
2023-01-10,163,14,0
2023-01-11,163,15,0
2023-01-12,106,16,0
2023-01-13,180,15,0
2023-01-14,173,11,0
2023-01-15,234,19,0
2023-01-16,151,11,0
2023-01-17,100,10,0
2023-01-18,103,14,0
2023-01-19,231,10,0
2023-01-20,103,15,0
2023-01-21,170,10,0
2023-01-22,134,11,0
2023-01-23,135,17,0
2023-01-24,222,11,0
2023-01-25,245,18,0
2023-01-26,146,12,0
2023-01-27,116,13,0
2023-01-28,147,16,0
2023-01-29,138,19,0
2023-01-30,231,18,0
2023-01-31,165,15,0
2023-02-01,117,13,0
2023-02-02,100,19,0
2023-02-03,189,19,0
2023-02-04,189,16,0
2023-02-05,169,15,0
2023-02-06,185,17,0
2023-02-07,200,12,0
2023-02-08,194,11,0
2023-02-09,129,14,0
2023-02-10,132,18,0
2023-02-11,111,19,0
2023-02-12,193,15,0
2023-02-13,236,16,0
2023-02-14,248,15,0
2023-02-15,128,16,0
2023-02-16,216,10,0
2023-02-17,216,11,0
2023-02-18,117,15,0
2023-02-19,234,12,0
2023-02-20,207,11,0
2023-02-21,110,19,0
2023-02-22,222,13,0
2023-02-23,212,11,0
2023-02-24,192,11,0
2023-02-25,121,17,0
2023-02-26,226,11,0
2023-02-27,124,15,0
2023-02-28,184,16,0
2023-03-01,65,42,0
2023-03-02,63,42,0
2023-03-03,77,42,0
2023-03-04,100,39,0
2023-03-05,98,42,0
2023-03-06,107,36,0
2023-03-07,71,40,0
2023-03-08,136,40,0
2023-03-09,91,40,0
2023-03-10,145,40,0
2023-03-11,123,38,0
2023-03-12,88,38,0
2023-03-13,64,37,0
2023-03-14,78,42,0
2023-03-15,52,38,0
2023-03-16,59,38,0
2023-03-17,78,39,0
2023-03-18,84,42,0
2023-03-19,61,41,0
2023-03-20,87,42,0
2023-03-21,142,40,0
2023-03-22,116,38,0
2023-03-23,133,42,0
2023-03-24,53,42,0
2023-03-25,134,38,0
2023-03-26,94,38,0
2023-03-27,65,42,0
2023-03-28,116,40,0
2023-03-29,109,36,0
2023-03-30,126,41,0
2023-03-31,120,40,0
2023-04-01,120,42,0
2023-04-02,147,41,0
2023-04-03,71,36,0
2023-04-04,150,36,0
2023-04-05,50,39,0
2023-04-06,129,37,0
2023-04-07,121,41,0
2023-04-08,138,36,0
2023-04-09,61,37,0
2023-04-10,130,36,0
2023-04-11,75,39,0
2023-04-12,127,41,0
2023-04-13,85,36,0
2023-04-14,72,36,0
2023-04-15,55,38,0
2023-04-16,118,42,0
2023-04-17,74,38,0
2023-04-18,111,37,0
2023-04-19,92,40,0
2023-04-20,77,41,0
2023-04-21,108,37,0
2023-04-22,112,39,0
2023-04-23,141,36,0
2023-04-24,105,38,0
2023-04-25,81,38,0
2023-04-26,58,42,0
2023-04-27,141,39,0
2023-04-28,117,36,0
2023-04-29,147,41,0
2023-04-30,75,38,0
2023-05-01,129,41,0
2023-05-02,143,42,0
2023-05-03,62,40,0
2023-05-04,74,40,0
2023-05-05,131,39,0
2023-05-06,131,42,0
2023-05-07,123,37,0
2023-05-08,94,42,0
2023-05-09,96,37,0
2023-05-10,125,42,0
2023-05-11,126,42,0
2023-05-12,104,37,0
2023-05-13,68,38,0
2023-05-14,102,38,0
2023-05-15,63,37,0
2023-05-16,94,41,0
2023-05-17,137,39,0
2023-05-18,114,36,0
2023-05-19,92,38,0
2023-05-20,135,42,0
2023-05-21,105,42,0
2023-05-22,68,41,0
2023-05-23,125,37,0
2023-05-24,141,42,0
2023-05-25,109,39,0
2023-05-26,82,38,0
2023-05-27,77,38,0
2023-05-28,101,38,0
2023-05-29,98,40,0
2023-05-30,75,40,0
2023-05-31,147,38,0
2023-06-01,148,42,0
2023-06-02,126,41,0
2023-06-03,136,41,0
2023-06-04,103,39,0
2023-06-05,65,41,0
2023-06-06,84,39,0
2023-06-07,94,39,0
2023-06-08,121,41,0
2023-06-09,104,39,0
2023-06-10,135,42,0
2023-06-11,75,40,0
2023-06-12,74,40,0
2023-06-13,114,36,0
2023-06-14,72,41,0
2023-06-15,113,38,0
2023-06-16,92,42,0
2023-06-17,72,38,0
2023-06-18,126,41,0
2023-06-19,67,38,0
2023-06-20,128,42,0
2023-06-21,70,36,0
2023-06-22,72,36,0
2023-06-23,94,38,0
2023-06-24,131,39,0
2023-06-25,96,38,0
2023-06-26,91,38,0
2023-06-27,99,42,0
2023-06-28,140,39,0
2023-06-29,140,41,0
2023-06-30,106,36,0
2023-07-01,50,34,1
2023-07-02,69,29,1
2023-07-03,74,35,1
2023-07-04,78,32,1
2023-07-05,49,26,1
2023-07-06,46,24,1
2023-07-07,70,31,1
2023-07-08,54,21,1
2023-07-09,70,29,1
2023-07-10,104,25,1
2023-07-11,67,28,1
2023-07-12,74,25,1
2023-07-13,43,30,1
2023-07-14,69,21,1
2023-07-15,53,22,1
2023-07-16,47,22,1
2023-07-17,117,35,1
2023-07-18,64,32,1
2023-07-19,30,33,1
2023-07-20,54,23,1
2023-07-21,78,32,1
2023-07-22,118,31,1
2023-07-23,48,35,1
2023-07-24,112,26,1
2023-07-25,45,28,1
2023-07-26,102,25,1
2023-07-27,71,20,1
2023-07-28,63,22,1
2023-07-29,84,35,1
2023-07-30,63,21,1
2023-07-31,74,28,1
2023-08-01,50,25,1
2023-08-02,99,29,1
2023-08-03,77,35,1
2023-08-04,68,30,1
2023-08-05,39,34,1
2023-08-06,47,33,1
2023-08-07,117,31,1
2023-08-08,102,23,1
2023-08-09,44,34,1
2023-08-10,92,23,1
2023-08-11,38,27,1
2023-08-12,38,32,1
2023-08-13,33,29,1
2023-08-14,45,20,1
2023-08-15,81,34,1
2023-08-16,34,24,1
2023-08-17,108,23,1
2023-08-18,31,21,1
2023-08-19,42,32,1
2023-08-20,71,23,1
2023-08-21,103,32,1
2023-08-22,37,32,1
2023-08-23,92,22,1
2023-08-24,38,33,1
2023-08-25,40,33,1
2023-08-26,71,22,1
2023-08-27,65,32,1
2023-08-28,42,27,1
2023-08-29,66,31,1
2023-08-30,102,29,1
2023-08-31,100,23,1
2023-09-01,85,21,1
2023-09-02,52,31,1
2023-09-03,69,26,1
2023-09-04,114,35,1
2023-09-05,58,26,1
2023-09-06,119,33,1
2023-09-07,98,22,1
2023-09-08,118,26,1
2023-09-09,79,34,1
2023-09-10,84,23,1
2023-09-11,31,20,1
2023-09-12,42,28,1
2023-09-13,99,29,1
2023-09-14,87,22,1
2023-09-15,111,22,1
2023-09-16,113,30,1
2023-09-17,98,35,1
2023-09-18,115,22,1
2023-09-19,89,30,1
2023-09-20,91,22,1
2023-09-21,117,35,1
2023-09-22,97,28,1
2023-09-23,118,34,1
2023-09-24,84,31,1
2023-09-25,84,22,1
2023-09-26,78,33,1
2023-09-27,36,22,1
2023-09-28,112,33,1
2023-09-29,118,20,1
2023-09-30,80,35,1
2023-10-01,111,27,1
2023-10-02,109,31,1
2023-10-03,112,23,1
2023-10-04,46,29,1
2023-10-05,74,34,1
2023-10-06,36,32,1
2023-10-07,39,30,1
2023-10-08,65,21,1
2023-10-09,35,28,1
2023-10-10,47,27,1
2023-10-11,35,26,1
2023-10-12,54,32,1
2023-10-13,110,26,1
2023-10-14,53,33,1
2023-10-15,55,30,1
2023-10-16,57,34,1
2023-10-17,104,22,1
2023-10-18,90,25,1
2023-10-19,80,33,1
2023-10-20,77,29,1
2023-10-21,83,24,1
2023-10-22,88,27,1
2023-10-23,80,27,1
2023-10-24,115,23,1
2023-10-25,100,30,1
2023-10-26,30,28,1
2023-10-27,92,32,1
2023-10-28,85,27,1
2023-10-29,97,25,1
2023-10-30,32,22,1
2023-10-31,36,25,1
2023-11-01,186,10,0
2023-11-02,222,18,0
2023-11-03,216,19,0
2023-11-04,162,10,0
2023-11-05,226,13,0
2023-11-06,232,10,0
2023-11-07,215,12,0
2023-11-08,215,12,0
2023-11-09,223,10,0
2023-11-10,215,17,0
2023-11-11,181,16,0
2023-11-12,178,11,0
2023-11-13,126,15,0
2023-11-14,135,11,0
2023-11-15,107,16,0
2023-11-16,146,12,0
2023-11-17,197,18,0
2023-11-18,195,17,0
2023-11-19,112,13,0
2023-11-20,133,10,0
2023-11-21,192,18,0
2023-11-22,181,11,0
2023-11-23,137,15,0
2023-11-24,190,17,0
2023-11-25,229,15,0
2023-11-26,200,10,0
2023-11-27,155,18,0
2023-11-28,184,13,0
2023-11-29,121,14,0
2023-11-30,115,12,0
2023-12-01,221,11,0
2023-12-02,116,10,0
2023-12-03,229,19,0
2023-12-04,184,13,0
2023-12-05,193,16,0
2023-12-06,180,15,0
2023-12-07,168,16,0
2023-12-08,247,14,0
2023-12-09,204,12,0
2023-12-10,165,14,0
2023-12-11,206,18,0
2023-12-12,185,13,0
2023-12-13,121,15,0
2023-12-14,209,11,0
2023-12-15,117,10,0
2023-12-16,226,16,0
2023-12-17,100,10,0
2023-12-18,231,17,0
2023-12-19,224,13,0
2023-12-20,126,11,0
2023-12-21,127,10,0
2023-12-22,204,19,0
2023-12-23,169,16,0
2023-12-24,186,11,0
2023-12-25,205,11,0
2023-12-26,155,17,0
2023-12-27,112,10,0
2023-12-28,117,17,0
2023-12-29,212,15,0
2023-12-30,138,14,0
2023-12-31,178,19,0
2024-01-01,250,11,0
2024-01-02,129,15,0
2024-01-03,197,19,0
2024-01-04,166,19,0
2024-01-05,245,16,0
2024-01-06,106,19,0
2024-01-07,169,17,0
2024-01-08,167,15,0
2024-01-09,151,10,0
2024-01-10,206,11,0
2024-01-11,177,14,0
2024-01-12,175,18,0
2024-01-13,227,19,0
2024-01-14,171,13,0
2024-01-15,212,10,0
2024-01-16,227,17,0
2024-01-17,182,16,0
2024-01-18,162,15,0
2024-01-19,159,18,0
2024-01-20,161,12,0
2024-01-21,225,15,0
2024-01-22,141,12,0
2024-01-23,130,11,0
2024-01-24,221,11,0
2024-01-25,137,10,0
2024-01-26,209,16,0
2024-01-27,121,17,0
2024-01-28,155,12,0
2024-01-29,246,16,0
2024-01-30,134,18,0
2024-01-31,224,11,0
2024-02-01,151,10,0
2024-02-02,164,14,0
2024-02-03,228,12,0
2024-02-04,115,14,0
2024-02-05,125,15,0
2024-02-06,199,10,0
2024-02-07,116,19,0
2024-02-08,122,18,0
2024-02-09,170,16,0
2024-02-10,145,11,0
2024-02-11,177,13,0
2024-02-12,195,16,0
2024-02-13,101,12,0
2024-02-14,224,19,0
2024-02-15,239,10,0
2024-02-16,249,15,0
2024-02-17,183,18,0
2024-02-18,157,10,0
2024-02-19,245,15,0
2024-02-20,144,15,0
2024-02-21,122,10,0
2024-02-22,234,16,0
2024-02-23,196,19,0
2024-02-24,208,13,0
2024-02-25,168,16,0
2024-02-26,154,11,0
2024-02-27,196,19,0
2024-02-28,137,16,0
2024-02-29,177,16,0
2024-03-01,75,40,0
2024-03-02,128,38,0
2024-03-03,136,38,0
2024-03-04,83,40,0
2024-03-05,90,36,0
2024-03-06,72,36,0
2024-03-07,52,42,0
2024-03-08,81,37,0
2024-03-09,131,42,0
2024-03-10,56,38,0
2024-03-11,50,36,0
2024-03-12,63,40,0
2024-03-13,145,39,0
2024-03-14,59,41,0
2024-03-15,139,42,0
2024-03-16,79,37,0
2024-03-17,70,39,0
2024-03-18,109,41,0
2024-03-19,146,36,0
2024-03-20,112,37,0
2024-03-21,91,42,0
2024-03-22,113,38,0
2024-03-23,105,39,0
2024-03-24,81,36,0
2024-03-25,111,42,0
2024-03-26,77,38,0
2024-03-27,113,36,0
2024-03-28,108,41,0
2024-03-29,107,37,0
2024-03-30,85,37,0
2024-03-31,120,37,0
2024-04-01,64,40,0
2024-04-02,136,36,0
2024-04-03,71,39,0
2024-04-04,139,42,0
2024-04-05,124,36,0
2024-04-06,74,37,0
2024-04-07,97,40,0
2024-04-08,87,38,0
2024-04-09,94,36,0
2024-04-10,146,41,0
2024-04-11,137,36,0
2024-04-12,106,40,0
2024-04-13,145,37,0
2024-04-14,111,36,0
2024-04-15,117,36,0
2024-04-16,66,36,0
2024-04-17,99,40,0
2024-04-18,89,41,0
2024-04-19,124,37,0
2024-04-20,70,40,0
2024-04-21,104,37,0
2024-04-22,73,40,0
2024-04-23,66,37,0
2024-04-24,91,37,0
2024-04-25,150,39,0
2024-04-26,131,40,0
2024-04-27,122,36,0
2024-04-28,98,41,0
2024-04-29,144,40,0
2024-04-30,131,39,0
2024-05-01,69,38,0
2024-05-02,58,42,0
2024-05-03,128,40,0
2024-05-04,64,38,0
2024-05-05,150,39,0
2024-05-06,68,42,0
2024-05-07,101,37,0
2024-05-08,138,37,0
2024-05-09,75,37,0
2024-05-10,141,41,0
2024-05-11,131,36,0
2024-05-12,52,40,0
2024-05-13,146,37,0
2024-05-14,68,37,0
2024-05-15,82,36,0
2024-05-16,98,39,0
2024-05-17,52,42,0
2024-05-18,98,38,0
2024-05-19,75,42,0
2024-05-20,121,38,0
2024-05-21,149,39,0
2024-05-22,56,40,0
2024-05-23,95,41,0
